iso_code,country_name,hasc,raw_mhe_pop_exposure,raw_mhe_cap_exp,relative_mhe_pop,relative_mhe_cap,life_expectancy,infant_mortality,maternal_mortality,undernourished,improved_sanitation,improved_water,adult_literacy,gross_enrollment,mean_years_schooling,internet_users_per_100,export_minus_import_percent,five_year_average_inflation,age_dependency_ratio,proportion_female_seats_parliament,fem_to_male_secondary_enroll,fem_to_male_labor,max_political_discrimination,max_economic_discrimination,avg_ann_pop_change,avg_ann_urban_pop_change,freshwater_withdrawal,pct_forest_change,ruminant_density,losses_percent_gni,disaster_deaths_per_10k,conflict_deaths_per_million,refugees,voice_and _accountability,rule_of_law,political_stability,government_effectiveness,control_of_corruption,gni_per_capita,reserves_per_capita,fixed_telephone_per_100,mobile_phone_subs_per_100,secure_internet_servers,hospital_bed_per_10k,nurse_midwife_per_10k,physician_per_10k,avg_biome_protection,marine_protected_area
AFG,Afghanistan,AF,26793561,57777.64,0.950929131,0.971777628,64,51.5,396,30.3,31.9,55.3,38.2,66.72,3.8,10.6,-42.13,4.76,84.59,0.428512482,0.43,0.78,2,2,2.92,3.81,31.04,0,0.15,3.05,39.97,1340.78,7.14,-0.99,-1.57,-2.78,-1.33,-1.52,1824,227.9,0.33,67.35,44.38,5,3.6,2.95,0.37,
ALB,Albania,AL,3444903,26024.79,1.19654697,0.682465335,79,7.8,29,5.5,93.2,95.1,97.6,85.79,10,66.36,-15.03,2.36,44.06,0.436591276,0.06,0.27,1,3,0.19,1.59,4.34,-0.62,0.5,6.77,3.41,0,1.08,0.2,-0.4,0.4,0.08,-0.42,11885.51,1248.87,8.43,119.38,443.02,29,39,12,2.45,0.81
DZA,Algeria,DZ,36043475,861257.31,0.905442734,0.904271405,76,20.6,140,4.7,87.6,83.6,80.2,80.78,8,42.95,-12.31,3.78,55.03,0.478787879,0.04,0.77,2,2,1.9,2.79,66.92,1.98,0.12,,0.43,13.63,0.25,-0.9,-0.86,-0.96,-0.6,-0.61,13802,2537.69,7.58,120.71,63.43,19,19.5,18.3,7.38,0.04
ASM,American Samoa,AS,,,,,,,,,62.5,100,,,,,-28.42,,,,,,,,0.15,0.09,,-0.96,0.01,,0,0,0.01,1,1.36,1.23,0.56,1.84,,,18.01,3.8,988.48,,,7.81,4.56,8.68
AND,Andorra,AD,20700,2471.44,0.274642661,0.308560464,82,3.2,,,100,100,100,,10.2,97.93,,,,,,,,,1.37,1.48,,0,,,0,0,0.01,1.16,1.6,1.45,1.94,1.24,47574,,49.91,104.38,3417.14,25,44.4,36.9,17,
AGO,Angola,AO,4857300,39032.17,0.235563989,0.208818833,62,53.8,477,23.9,51.6,49,71.1,61.53,5.1,13,2.28,7.82,96.9,0.250392465,0.37,0.06,4,3,3.43,4.56,0.48,-1.07,0.05,0.17,6.73,0.84,0.19,-1.1,-1.1,-0.29,-1.03,-1.41,5789.86,581.72,0.54,44.73,10.81,8,14.4,2.15,5.8,0
AIA,Anguilla,AI,12636,781.59,1,1,,,,,,,,,,,,,,,,,,,,,,,,,265.87,0,0,1,-0.1,1.36,0.84,1.24,,,,,,,,,5.04,0.07
ATA,Antarctica,AQ,,,,,,,,,,,,,,,,,,,,,,,,,,,,,,0,,,,,,,,,,,,,,,,
ATG,Antigua & Barbuda,AG,192868,13782.13,2.00236779,2.005549987,77,5.4,,,91.4,97.9,98.95,75.46,9.2,73,-5.33,1.59,44.56,0.786538462,0.02,,,,1.05,0.41,8.46,,0.7,1733.46,9.7,0,0.15,0.61,0.44,0.76,0.01,0.24,20764,3074.59,22.29,178.28,833.24,38,30.6,27.65,16.82,0.17
ARG,Argentina,AR,23544906,798984.62,0.530969923,0.521080913,77,9.2,52,3.8,96.4,99.1,99.13,103.14,9.9,70.97,-2.66,21.74,56.45,0.238151195,0.04,0.35,3,3,1.01,1.14,4.3,-5.19,0.26,72.16,1.1,0,0.01,0.53,-0.25,0.18,0.16,-0.26,18460.74,1249.45,21.53,139.81,1620.27,50,42.1,39.6,7.25,1.49
ARM,Armenia,AM,4090904,33130.01,1.330158044,1.405078876,75,11.3,25,4.3,89.5,100,99.7,82.58,11.7,64.35,-12.35,4.3,45.43,0.658232628,0.05,0.27,0,0,0.33,0.29,37.86,0.3,0.3,,0,36.34,1.49,-0.56,-0.16,-0.71,-0.1,-0.56,9143.68,789.59,17.24,119.04,272.65,42,54.2,28.03,17,
ABW,Aruba,AW,104629,8890.22,1.060209212,1.043859183,76,,,,97.7,98.1,97.5,86.4,,93.54,-15.66,0.12,44.92,,0.02,,,,0.52,0.67,,,0,,0,0,0,1.29,1.33,1.32,0.92,1.29,,8801.12,33.54,135.13,978.49,,,11.2,0.42,
AUS,Australia,AU,15596684,2799092.6,0.636109854,1.387462479,83,3,6,2.5,100,100,,131.98,12.9,86.54,0.65,2.33,52.71,0.428058988,0.13,0.16,1,1,1.57,1.69,3.92,1.25,0.08,69.21,7.15,0,0.2,1.38,1.68,0.9,1.54,1.8,43560.06,2707.34,34.6,112.69,21547.36,38,125.7,35.87,13.42,40.44
AUT,Austria,AT,3906320,1085181.41,0.440727306,0.56288631,82,2.9,4,2.5,100,100,,96.59,12.1,87.94,3.16,1.45,49.91,0.399646851,0.04,0.17,0,0,0.88,1.21,4.49,0.23,0.67,0.03,0.57,0,1.31,1.34,1.81,1.04,1.46,1.53,45415,2448.04,43.08,170.85,7421.89,76,83,52.3,17,
AZE,Azerbaijan,AZ,12525299,259405.59,1.254798025,1.212379762,72,20.5,25,2.5,89.3,87,99.79,75.89,10.7,79,6.71,4.69,41.43,0.665271967,0.01,0.09,0,0,1.18,1.72,34.52,13,0.52,,0,19.11,3.47,-1.56,-0.56,-0.76,-0.16,-0.88,15600,677.37,17.18,103.05,259.27,47,68.7,34.02,8.62,
BHR,Bahrain,BH,223848,17919.11,0.13170771,0.131824864,77,6.3,15,,99.2,100,95.7,89.24,9.4,95.88,8.38,1.88,28.36,0.798765763,0.01,0.49,1,3,2.76,2.85,205.8,,1.45,,0,0,0.06,-1.39,0.45,-0.95,0.19,-0.14,41580,1832.75,19.12,158.42,359.78,20,24.9,9.22,2.81,4.53
,Baker I.,,,,,,,,,,,,,,,,,,,,,,,,,,,,,,,,0,,,,,,,,,,,,,,,
BGD,Bangladesh,BD,293374454,727250.25,1.777655701,2.126243983,73,26.9,176,15.2,60.6,86.9,72.89,65.98,5.8,18.25,-5.23,6.53,50.3,0.590478112,0.17,0.59,4,4,1.12,3.4,2.92,-0.9,2,62.28,5.18,4.72,0.26,-0.62,-0.67,-1.25,-0.74,-0.83,3676.92,203.02,0.43,88.12,63.24,8,2.7,5.27,3.15,5.22
BRB,Barbados,BB,581890,28458.02,2.301461427,2.266779942,76,11.5,27,3.7,96.2,99.7,99.6,95.74,10.6,79.55,-6.7,1.72,51.54,0.679585572,0.04,0.11,,,0.29,0.04,87.5,,0.6,,3.49,0,0.08,1.11,0.66,0.98,0.84,1.42,15843,1514.96,48.87,118.22,769.99,58,48.6,24.89,0.09,0
BLR,Belarus,BY,844227,19142.75,0.088686468,0.082557488,73,2.8,4,2.5,94.3,99.7,99.7,98.4,12.3,74.44,-0.35,18.15,46.07,0.35477838,0.02,0.17,4,3,0.09,0.73,2.62,1.17,0.3,,4.76,0,0.09,-1.36,-0.82,0.03,-0.35,-0.26,16323.46,769.39,47.52,120.56,2257.6,110,114.2,40.7,9.88,
BEL,Belgium,BE,2429899,183148.6,0.203078429,0.085037216,81,3.1,7,2.5,99.5,100,,117.6,11.8,87.68,0.7,0.8,55.44,0.250345236,0.12,0.19,0,0,0.43,0.48,32.8,0.32,1.71,,35.92,283.77,0.37,1.38,1.34,0.42,1.18,1.5,42156,2299.62,37.2,104.65,8302.8,62,110.9,33.23,17,31.67
BLZ,Belize,BZ,647748,10613.84,1.831728053,1.700996308,71,12.2,28,6.5,90.5,99.5,70.3,76.94,10.5,44.58,-8.81,1.55,54.5,0.812786298,0.05,0.34,,,2.14,2.29,0.46,-1.8,0.49,,0,0,0.07,0.57,-0.96,0.05,-0.64,-0.27,7165.81,833.08,6.27,61.86,8025.49,13,19.6,11.26,17,9.95
BEN,Benin,BJ,3039614,6465.7,0.264663548,0.245691683,61,63.5,405,10.4,19.7,77.9,38.4,76.88,3.6,11.99,-17.52,1.32,84.89,0.856344773,0.24,0.06,0,0,2.77,3.94,0.49,-5.48,0.41,,0,0,0.03,0.38,-0.62,0.05,-0.64,-0.55,2061.43,,0.51,78.5,4.21,5,6,1.53,17,0
BMU,Bermuda,BM,,,,,81,,,,,,,64.32,,98,18.08,,,,0.12,,,,0.2,0.2,,,1.44,,0,0,0,1,0.87,1.01,1.39,1.24,68113.31,,35.67,105.95,7686.31,63,,17.66,5.23,0.03
BTN,Bhutan,BT,921725,13166.55,1.048747824,1.083133677,71,25.6,148,,50.4,100,64.9,66.22,3.1,41.77,-21.95,6.36,45.85,0.818879182,0.1,0.22,4,4,1.4,3.39,0.43,1.83,0.3,,0,0,1.03,0.01,0.63,1.13,0.56,1.57,8064.83,1493.59,2.65,90.47,108.96,18,15.1,3.72,17,
BOL,Bolivia,BO,10386426,65993.04,0.954483499,0.992822463,70,28,206,19.8,50.3,90,92.46,83.74,8.9,39.7,-6.9,5.18,62.19,0.063275931,0.03,0.31,3,2,1.53,2.05,0.36,-2.57,0.2,178.56,13.11,0,0.02,-0.03,-1.21,-0.3,-0.39,-0.66,6714.03,927.1,7.7,99.2,110.93,11,10.1,16.11,16.48,
BIH,Bosnia & Herzegovina,BA,2425360,20853.28,0.674777027,1.901630222,77,4.9,11,2.5,94.8,99.9,98.5,77.98,9.7,69.49,-14.99,0.66,44.3,0.579650363,,0.4,0,2,0.79,0.08,0.87,0,0.18,242.88,7.42,0,2.83,-0.21,-0.21,-0.38,-0.48,-0.52,11716.02,1845.94,21.65,98.09,1432.56,35,58.9,18.86,1.1,
BWA,Botswana,BW,789761,26087.84,0.355835394,0.255438568,68,30.8,129,28.5,63.4,96.2,88.5,76.93,9.3,39.36,13.09,3.85,54.67,0.812141586,0.09,0.16,3,3,1.85,3.03,1.59,-4.5,0.05,26.15,0,0,0.11,0.38,0.51,1.03,0.43,0.8,15534,3268.6,6.16,141.41,65.89,18,27.3,3.69,17,
BVT,Bouvet I.,BV,,,,,,,,,,,,,,,,,,,,,,,,,,,,,,0,,,,,,,,,,,,,,,,
BRA,Brazil,BR,83142615,2502842.71,0.41784076,0.356051307,76,13.2,44,2.5,82.8,98.1,92.05,90.66,7.8,60.87,1.02,5.95,43.47,0.789577188,0.05,0.29,4,3,0.85,1.18,0.86,-0.99,0.55,27.49,0.65,1.17,0.01,0.45,-0.28,-0.41,-0.29,-0.53,13755,1786.8,19.53,113,1570.65,22,74.4,21.5,16.98,4.96
IOT,British Indian Ocean Territory,IO,,,,,,,,,,,,,,,,,,,,,,,,,,,,,,0,,,,,,,,,,,,,,,,
VGB,British Virgin Is.,VG,27750,3937.17,1.015218181,1.013417665,,,,,97.5,94.9,,82.11,,37.6,,,,,,,,,1.8,2.59,,,0.44,,283.74,0,0,,,,,,,,32.07,189.93,337094.5,,,,9.44,0.06
BRN,Brunei,BN,332127,16371.87,0.775072285,0.816071899,77,9,23,2.6,,,96,78.91,9.1,90,13.97,0.03,38.15,0.812487121,0.02,0.21,,,1.4,1.83,1.08,0,0.21,,0,0,0,-0.95,0.65,1.19,1.14,0.71,76427.21,8136.57,17.54,127.07,1604.86,27,65.1,17.46,17,0.02
BGR,Bulgaria,BG,7698996,103087.48,1.080360388,0.611285085,75,6.3,11,3,86,99.4,98.4,89.36,11.8,63.41,1.53,0.21,53.93,0.536874878,0.03,0.2,1,2,0.64,0.18,25.67,2.3,0.1,158.99,3.69,0,0.29,0.38,-0.04,0.37,0.26,-0.16,18740.11,4010.16,18.38,120.44,32308.12,68,53.2,39.99,17,0.02
BFA,Burkina Faso,BF,3877299,5929.67,0.203377196,0.197238107,61,51.2,371,21.3,19.7,82.3,36,53.51,1.5,13.96,-5.94,1.25,90.8,0.780570517,0.03,0.23,0,0,2.94,5.12,6.06,-5.29,0.59,26.01,1.27,8.76,0.24,0.06,-0.4,-0.92,-0.59,-0.11,1650.09,,0.4,93.5,1.93,4,6.3,0.6,15.62,
BDI,Burundi,BI,10904686,4113.08,1.059932578,1.04396285,58,42.5,712,,48,75.9,85.6,71.18,3,5.17,-25.67,5,90.68,0.283323489,0.02,0.04,1,3,3.07,5.6,2.3,9.09,0.25,47.35,14.71,25.77,0.44,-1.57,-1.4,-1.97,-1.34,-1.28,702,8.97,0.22,54.5,4.6,8,1.8,0.5,7.25,
CPV,Cabo Verde,CV,0,0,0,0,73,15,42,12.3,72.2,91.7,86.79,69.29,6.1,57.16,-24.82,1.76,53.06,0.529599362,0.1,0.31,,,1.22,1.99,6.77,5.65,0.42,6.45,16.27,0,0.03,0.98,0.41,0.9,0.16,0.84,5983.14,1129.9,11.89,112.06,256.23,21,12.6,7.88,2.53,0
KHM,Cambodia,KH,22022878,43557.18,1.35741947,1.398134273,69,25.1,161,18.5,42.4,75.5,80.53,60.46,4.8,34,-3.43,2.41,55.5,0.603593048,0.15,0.09,4,4,1.6,3.36,0.46,-6.31,0.43,0.96,2.77,0,0.09,-1.16,-1.06,0.17,-0.66,-1.29,3412.94,736.03,0.83,116.04,55.17,8,9.5,1.43,17,0.03
CMR,Cameroon,CM,13844753,54273.16,0.631505743,0.614227233,59,55.1,596,7.3,45.8,75.6,75,75.04,6.3,23.2,-3.02,2.07,84.81,0.377377377,0.14,0.12,4,3,2.64,3.75,0.34,-5.52,0.38,,0.28,288.24,2.71,-1.05,-1.02,-1.08,-0.82,-1.18,3314.74,132.9,2.91,81.93,8.73,13,5.2,0.9,10.48,3.5
CAN,Canada,CA,18668762,1460092.89,0.516738283,0.217948553,83,4.5,7,2.5,99.8,99.8,,93.63,13.3,91.16,-2.27,1.81,49.27,0.477967447,0.01,0.13,1,1,1.1,1.15,1.34,-0.07,0.19,26.55,1.95,0,0.29,1.48,1.8,1.11,1.85,1.92,43433,2361.27,40.14,85.9,26447.42,27,98.4,26.1,9.71,0.78
CYM,Cayman Is.,KY,35860,5503.78,1.167051779,1.175380295,82,,,,95.6,97.4,98.87,,,79,,,,,,,,,1.36,1.36,,0,0.56,,0,0,0.05,0.48,0.78,1.18,1.23,0.53,,,56.14,157.42,6237.92,30,,19.39,8.04,0.07
CAF,Central African Republic,CF,1619104,1473.25,0.375611286,0.358814901,53,87.6,882,61.8,21.8,68.5,36.8,42.59,4.3,4,-19.26,6.51,88.15,0.830307814,0.34,0.21,0,0,0.74,1.53,0.05,-0.35,0.59,,0.21,2008.73,13.53,-1.11,-1.73,-1.94,-1.77,-1.17,663.15,77.85,0.04,27.17,0.43,10,2.5,0.63,17,
TCD,Chad,TD,5271943,11705.64,0.374606559,0.368960697,53,73.4,856,39.7,12.1,50.8,22.31,51.52,2.3,5,-5.83,2.77,98.52,0.743692431,0.54,0.17,3,0,3.19,3.82,1.93,-11.49,0.11,,0,264.6,0.59,-1.37,-1.3,-1.34,-1.46,-1.43,1750.19,0.58,0.09,38.65,0.6,4.26,3.1,0.48,11.58,
CHL,Chile,CL,35550451,1772667.86,1.982070435,2.098235244,80,6.3,22,3.3,99.1,99,96.87,96.79,10.3,82.33,1.71,3.28,45.78,0.686880698,0.01,0.32,2,2,0.84,0.91,3.83,9.27,0.22,138.43,15.17,0,0.01,1,1.01,0.38,0.85,1.04,21909.5,2159.08,17.69,127.46,7425.31,22,1.5,10.8,10.38,4.96
CHN,China,CN,1296300021,32596376.77,0.934113496,1.039087008,76,8,27,8.7,76.5,95.5,96.4,82.29,7.8,54.3,1.71,1.84,39.51,0.500722096,0.02,0.19,4,4,0.52,2.78,21.26,3.84,0.2,101.87,3.21,0.11,0.05,-1.5,-0.26,-0.25,0.42,-0.27,15269.76,2333.88,13.75,104.58,209.12,42,23.4,18.12,11.5,0.65
HKG,"China, Hong Kong Special Admin Region",HK,13424269,995757.37,1.701670034,2.246749784,84,,,2.5,,,,93.14,12,89.42,0.91,3.6,38.49,,0.04,0.21,0,0,0.66,0.66,,,0.26,21.24,0,0,0,0.43,1.72,0.85,1.9,1.61,58419.71,,57.93,249.02,10484.87,,,13.19,17,
CXR,Christmas I.,CX,,,,,,,,,,,,,,,,,,,,,,,,,,,,,,0,,,,,,,,,,,,,,,,
CCK,Cocos Is.,CC,,,,,,,,,,,,,,,,,,,,,,,,,,,,,,0,,,,,,,,,,,,,,,,
COL,Colombia,CO,51231072,966804.11,1.264660192,1.273164444,75,12.7,64,6.5,81.1,91.4,94.65,90.85,8.3,62.26,-5.32,3.24,45.19,0.631889764,0.06,0.29,3,3,0.91,1.35,0.5,-0.23,0.35,3.66,12.15,8.52,11.65,0.11,-0.36,-0.79,-0.07,-0.37,12937.88,960.57,14.24,126.81,461.42,15,10.8,20.84,15.54,6.37
COM,Comoros,KM,470006,894.96,0.553123283,0.520737617,64,52.2,335,,35.8,90.1,77.8,65.29,4.8,7.94,-26.5,2.57,74.63,0.876916868,0.06,0.28,0,0,2.34,2.81,0.83,-5.13,0.3,,0,0,0.11,-0.3,-1.05,0.03,-1.57,-0.68,1399,200.37,2.11,54.9,4.91,22,9.7,1.7,10.24,0.02
COG,Congo,CG,1270598,18660.01,0.258411505,0.221645091,65,34.7,442,37.5,15,76.5,79.3,63.6,6.3,8.12,20.95,2.48,84.09,0.773909564,0.13,0.06,3,2,2.54,3.24,0.01,-0.34,0.02,,0,9.69,1.98,-1.12,-1.1,-0.53,-1.19,-1.33,5694.22,72.23,0.33,96.11,4.56,16,8.2,1.16,17,3
COD,"Congo, DRC",CD,47103057,21433.1,0.552100396,0.531923747,60,70,693,,28.7,52.4,77.04,61.94,6.8,6.21,-3.83,2.8,97.25,0.82239074,0.36,0.03,3,3,3.3,4.61,0.05,-1.01,0.04,4.07,7.14,104.05,3.67,-1.44,-1.69,-2.3,-1.63,-1.42,795.83,8.99,0,43.36,2.56,8,9.6,0.9,11.97,
COK,Cook Is.,CK,,,,,,,,,,,,86.48,,,,,,,0.06,,,,,,,,0.1,,,0,0.01,-0.46,-0.93,1.32,-0.99,-0.22,,,,,,63,,14.21,1.18,0
CRI,Costa Rica,CR,14495573,428613.36,2.867730242,2.880830099,80,7.8,25,4.4,94.5,97.8,97.8,96.13,8.8,71.58,0.73,3.95,45.17,0.297859572,0.05,0.39,1,1,1.05,2.26,2.08,5.8,0.54,34.05,4.64,0,0.1,1.12,0.45,0.51,0.25,0.47,14636.38,1457.43,17.19,180.2,1171.89,12,8,11.5,16.06,0.71
CIV,Cote d'Ivoire,CI,7628096,19120.77,0.334897677,0.357235375,54,64.2,645,20.7,22.5,81.9,43.1,57.2,5.2,43.84,9.78,1.38,83.03,0.785164167,0.25,0.27,0,0,2.52,3.39,1.84,-0.02,0.06,,4.7,1.89,1.21,-0.27,-0.63,-1.09,-0.74,-0.52,3481.23,,1.26,130.68,8.73,4,4.8,2.33,17,0.14
HRV,Croatia,HR,4145692,74840.96,1.02011418,0.412999746,78,3.9,8,2.5,97,99.6,99.3,87.76,11.3,67.1,2.16,0.63,52.47,0.642857143,0.05,0.21,3,3,0.68,0.26,0.6,0.1,0.23,29.7,0.72,0,0.62,0.51,0.33,0.75,0.58,0.19,22162.34,4561.22,33.45,103.01,14603.82,56,65.1,29.96,17,9.06
CUB,Cuba,CU,25384501,389297.15,1.97086809,1.947419935,80,4.1,39,2.5,93.2,94.9,99.8,81.11,11.8,42.98,2.7,,44.45,0.021608643,0.03,0.38,0,0,0.18,0.23,18.26,9.14,0.44,1836.91,1.91,0,0.16,-1.55,-0.43,0.69,-0.2,0.27,7524,,11.75,40.17,8.36,52,79.8,81.9,9.73,2.67
CYP,Cyprus,CY,1051853,70533.59,0.828286771,1.06241296,81,2.1,7,4.6,100,100,99.1,85.67,12.1,80.74,-3.97,0.49,43.36,0.641569884,0.01,0.14,0,0,0.77,0.64,28.44,-0.08,0.77,,0,0,19.17,1.06,0.88,0.6,0.92,0.78,31567.69,752.57,37.33,138.48,17365.93,34,41.2,19.51,17,0
CZE,Czechia,CZ,1325200,36333.06,0.12091969,0.034687115,79,2.6,4,2.5,99.1,100,99,93.68,12.7,78.72,7.21,1.12,52.44,0.606686332,0.01,0.24,3,3,0.15,0.28,12.55,0.38,0.21,0.14,0.28,0,0.05,0.97,1.12,1.02,1.02,0.57,30588,13971.47,15.22,118.99,25427.42,65,84.2,43.14,17,
DNK,Denmark,DK,162772,34486.31,0.028323493,0.026235341,81,3.7,6,2.5,99.6,100,,104.46,12.6,97.1,7.06,1.39,56.65,0.255869479,0.03,0.12,0,0,0.63,0.77,10.62,4.28,0.55,,0,0,0.62,1.52,1.86,0.87,1.8,2.19,47918,13041.53,25.11,121.71,43722.77,25,170.1,44.57,16.1,17.67
,Disputed Area of the Sudan,,,,,,,,,,,,,,,,,,,,,,,,,,,,,,,,,,,,,,,,,,,,,,,
DJI,Djibouti,DJ,20463,90.29,0.021678377,0.017007489,63,51.5,229,19.7,47.4,90,,35.65,4.1,55.68,-40.04,3.29,54.56,0.783219591,0.17,0.28,1,3,1.65,1.78,6.27,,0.15,,2.06,95.44,2.15,-1.41,-0.91,-0.71,-1.03,-0.64,3392,581.09,3.82,38.98,21.94,14,5.6,2.29,1.33,0.17
DMA,Dominica,DM,172602,5086.16,3.016236551,3.015235577,78,31.5,,5.2,81.1,94.4,,,7.8,67.03,-12,0.86,,,0.01,,,,0.52,0.95,10,-2.98,0.41,39930.35,1265.01,0,0.11,0.88,0.65,1.04,-0.25,0.65,8344,2871.73,18.12,106.66,6736.56,38,62.9,10.82,13.61,0.02
DOM,Dominican Republic,DO,22797055,456029.87,2.231321808,2.220882154,74,25,92,10.4,84,84.7,93.78,79.51,7.8,63.87,-3.26,3.22,56.93,0.466241785,0.1,0.32,4,4,1.17,2.32,30.37,9.14,0.81,8.7,2.11,0,0.04,0.16,-0.42,0.16,-0.35,-0.74,13920.99,638.33,12.35,81.44,95.85,16,13.3,15.6,14.04,9.23
ECU,Ecuador,EC,26322339,483124.26,1.61066438,1.60655588,77,12.5,64,7.8,84.7,86.9,94.35,92.04,8.7,57.27,-0.53,3.15,55.14,0.240303878,0.03,0.32,3,3,1.51,1.72,2.24,-3.04,0.51,197.17,41.33,0,0.67,-0.17,-0.7,-0.1,-0.32,-0.6,10346.62,130.51,14.53,83.5,211.97,15,20.8,20.5,15.64,12.96
EGY,Egypt,EG,90115039,653537.73,1.023493984,0.961679931,72,18.8,33,4.8,94.7,99.4,80.8,78.64,7.2,44.95,-12.19,9.95,62.95,0.698624595,0.02,0.7,3,0,2.1,1.99,126.6,4.29,1.84,5.42,1.68,25.68,0.1,-1.25,-0.53,-1.42,-0.62,-0.54,10354.8,373.13,6.77,105.54,35.78,16,14.3,7.9,12.25,3.36
SLV,El Salvador,SV,22251557,252302.34,3.348104992,3.332760866,74,12.5,54,10.3,75,93.8,88.14,68.89,6.9,29,-17.27,1.17,55.4,0.39479638,0.01,0.4,2,3,0.5,1.68,8.06,-7.67,0.41,58.65,4.21,0,3.17,0.15,-0.86,-0.25,-0.37,-0.51,6868.11,559.32,10.62,156.51,61.62,13,4.1,15.69,10.8,0.68
GNQ,Equatorial Guinea,GQ,762885,22864.3,0.008941864,0.578988272,58,65.3,342,,74.5,47.9,95.3,44.25,5.5,23.78,18.66,3,66.78,0.462365591,0.26,0.1,0,0,3.99,4.74,0.07,-3.57,0.03,,0,0,0.02,-1.97,-1.49,-0.15,-1.44,-1.83,19512.53,35.89,0.9,47.13,0,21,4.5,4,17,0.22
ERI,Eritrea,ER,1331141,1818.56,0.274120739,0.239675161,66,32.1,501,,15.7,57.8,73.8,33.45,4,1.18,-8.78,12.26,83.18,,0.1,0.14,2,2,,,7.96,-1.44,0.2,,0,4.93,11.18,-2.17,-1.56,-0.66,-1.73,-1.2,1750,25.65,1.33,10.21,0.22,7,6.2,0.53,4.91,0
EST,Estonia,EE,39168,584.19,0.029983557,0.007141765,78,2.1,9,2.8,97.2,99.6,99.8,97.91,12.7,88.1,4.49,1.35,55.81,0.497648166,0.01,0.2,4,4,0.11,0.11,13.43,-0.09,0.16,,5.36,0,0.05,1.21,1.28,0.66,1.12,1.24,28993,262.29,27.65,145.42,29173.38,50,63.7,34.65,17,34.5
SWZ,Eswatini,SZ,1640750,19453.62,1.235456142,1.248573713,58,40.8,389,20.7,57.5,74.1,87.5,65.8,6.5,28.57,-3.16,5.24,67.64,0.879775063,0.02,0.37,0,0,1.82,2.49,23.1,4.09,0.27,,7.91,0,0.08,-1.45,-0.29,-0.3,-0.58,-0.3,7620,411.86,3.13,74.08,33.64,21,13.9,0.8,3.97,34.5
ETH,Ethiopia,ET,49630265,38079.38,0.496089594,0.513955598,66,41,353,21.4,28,57.3,49.1,54.5,2.7,15.37,-15.97,7.88,78.83,0.225084881,0.04,0.12,2,1,2.54,4.78,8.65,1.65,0.99,174.87,1.6,18.52,1.99,-1.44,-0.45,-1.69,-0.7,-0.56,1719.38,29.6,1.13,59.66,0.72,3,2.4,1,14.65,
FLK,Falkland Is.,FK,2560,38.31,0.941176471,0.943708659,,,,,,,,,,,,,,,,,,,,,,,0.06,,,0,0,,,,,,,,,,,,,,0.51,0.02
FRO,Faroe Is.,FO,,,,,82,,,,,,,,,95.11,-6.48,,,,,,,,0.25,0.59,,,2.71,,0,0,0,,,,,,,,41.11,110.93,3854.74,,,,2.18,0.01
FJI,Fiji,FJ,2149486,24999.83,2.57000994,2.815866583,70,21.4,30,4.4,91.1,95.7,,77.86,10.8,46.51,-25.17,2.19,53.13,0.675060926,0.11,0.46,3,3,0.72,1.65,0.3,2.45,0.5,1255.92,57,0,0.16,0.18,-0.25,0.79,0.09,0.36,8324,1232.87,8.39,114.18,144.67,23,29.4,8.37,2.25,0.92
FIN,Finland,FI,184754,29184.34,0.0353298,0.02960967,82,1.9,3,2.5,97.6,100,,115.74,12.4,87.47,0.46,1.4,60.35,0.17192429,0.1,0.11,0,0,0.36,0.47,5.97,0,0.37,,0,0,0.38,1.55,2.03,1.07,1.94,2.22,41002,1906.42,6.85,132.31,22311.6,44,150.3,38.08,17,34.09
FRA,France,FR,9670226,504243.91,0.148056928,0.046389092,83,3.5,8,2.5,98.7,100,,92.3,11.5,80.5,-1.1,0.78,60.78,0.232736573,0.01,0.16,3,3,0.44,0.77,14.13,3.44,0.64,15.57,51.35,85.09,0.5,1.15,1.44,0.21,1.35,1.26,39254,2329.05,59.54,106.21,14775.18,65,106.1,32.38,17,11.36
GUF,French Guiana,GF,202315,9367.82,0.843710382,0.589772783,,,,,,,,,,,,,,,,,,,,,,,0.43,,0,0,0,1.29,1.2,0.53,1.38,1,,,,,,,,,17,0.73
PYF,French Polynesia,PF,265705,21534.25,1.22102027,1.196365058,77,,,4.4,98.5,100,,,,68.44,-19.33,,45.05,,,0.22,,,0.82,0.92,,0,0.14,,0,0,,,,,,,,,21.6,99.97,583.02,,,16.97,1.72,0
ATF,French Southern & Antarctic Lands,TF,,,,,,,,,,,,,,,,,,,,,,,,,,,,,,0,,,,,,,,,,,,,,,,
GAB,Gabon,GA,442206,22881.88,0.227156143,0.156849687,67,35.1,291,9.4,41.9,93.2,83.2,75.41,8.2,48.05,16.99,2.9,67.65,0.648365207,0.12,0.28,0,0,2.84,3.38,0.08,4.55,0.01,,0,0,0.08,-1.05,-0.68,-0.09,-0.94,-0.81,16700.57,476.54,1.05,131.51,28.64,63,29,4.06,15.23,0.89
GEO,Georgia,GE,3248143,41236.17,0.79128409,0.795284689,73,9.7,36,7.4,86.3,100,99.8,90.54,12.8,60.49,-11.76,3.92,51.62,0.693779904,0.02,0.27,0,0,0.57,0.1,2.88,0,0.27,16.12,10.24,0,7.5,0.26,0.33,-0.37,0.57,0.74,9186.41,817.51,18.25,146.49,2367.17,26,39.7,50.98,8.19,0.67
DEU,Germany,DE,15557674,1254286.76,0.186542527,0.081007208,81,3.1,6,2.5,99.2,100,,96.78,14.1,84.4,7.57,1.09,52.74,0.27107959,0.05,0.17,1,2,0.56,0.58,21.42,0.09,0.68,10.36,0.3,2.43,1.17,1.39,1.61,0.58,1.72,1.84,46136,2418.32,54.07,129.09,34165.57,83,137.9,42.09,17,42.42
GHA,Ghana,GH,13949731,43407.94,0.488709952,0.502622766,63,35.7,319,6.1,14.9,88.7,76.6,69.79,7.1,34.67,-10.8,10.82,72.14,0.746860674,0.03,0.06,2,2,2.28,3.52,1.75,1.54,0.13,2.13,3.02,0,0.02,0.59,0.13,0.09,-0.11,-0.23,4096.17,243.3,1.05,127.46,95.17,9,9.3,1.8,13.43,0.09
GIB,Gibraltar,GI,,,,,,,,,,,,,,94.44,,,,,,,,,0.56,0.56,,,,,,0,0,,,,,,,,57.14,118.7,17934.11,,,,17,12.81
,Glorioso Is.,,,,,,,,,,,,,,,,,,,,,,,,,,,,,,,,0,,,,,,,,,,,,,,,
GRC,Greece,GR,11800495,469443.55,1.150444311,0.3862788,81,4.3,3,2.5,99,100,97.7,109.3,10.8,69.09,-1.08,0.13,52.93,0.639621898,0.06,0.25,4,1,0.52,0.08,14.02,3.87,0.23,34.13,14.54,0,0.36,0.71,0.08,-0.13,0.31,-0.14,24648,725.22,46.39,115.93,3693.72,43,34.1,45.92,17,0.63
GRL,Greenland,GL,,,,,72,,,,100,100,100,,,68.5,-6.96,,,,,,,,0.23,0.09,,,0.01,,0,0,0,1.29,1.72,1.92,0.84,1.18,,,28.38,108.2,2527.99,,,,17,4.52
GRD,Grenada,GD,131305,6220.25,1.423981078,1.525758319,74,15.3,27,,98,96.6,98.6,99.85,8.7,55.86,3.74,0.75,50.71,0.331056649,0.06,,,,0.44,0.6,7.05,0,0.6,,0,0,0.15,0.74,0.44,1.03,-0.18,0.48,12864,1846.75,30.13,104.96,241.13,37,38.5,14.47,2.42,0.02
GLP,Guadeloupe,GP,1122671,99208.78,2.733871987,2.708408622,,,,,,,96,,,,,,,,,,,,,,,,0.9,,8.91,0,0.01,,,,,,,,,,,,,,17,1.61
GUM,Guam,GU,,,,,80,,,,89.8,99.5,99.37,,,77.01,-31.76,,52.17,,,0.31,,,0.53,0.61,,0,0.01,,0,0,0,0.78,1.36,0.69,0.29,1.24,,,42.03,61.99,730.69,,,10.84,17,
GTM,Guatemala,GT,46313839,545822.08,2.845074369,2.873406806,74,23.1,88,15.8,63.9,92.8,81.5,66.56,6.5,34.51,-8.07,3.4,65.96,0.749901536,0.05,0.52,3,3,2.04,2.72,2.6,-4.89,0.72,20.15,47.61,0,1.4,-0.28,-1.06,-0.57,-0.64,-0.74,7278.14,695.6,14.55,118.17,68.29,6,8.6,3.55,13.52,0.78
GGY,Guernsey,GG,,,,,,,,,,,,,,,,,,,,,,,,,,,,,,0,0,,,,,,,,,,,,,,,
GIN,Guinea,GN,5637045,6150.07,0.500125141,0.441243123,61,56.4,679,19.7,20.1,76.8,30.4,54.95,2.6,9.8,-60.92,9.32,83.13,0.560770156,0.34,0.04,3,0,2.4,3.27,0.24,-2.75,0.26,,1.23,7.71,0.47,-0.74,-1.23,-0.61,-1.04,-1.01,1982.68,30.73,0,87.13,1.49,3,3.7,0.75,16.94,0.53
GNB,Guinea-Bissau,GW,786563,840.53,0.430129395,0.378468234,58,55.6,549,26,20.8,79.3,59.9,61.61,3,3.76,-4.23,1.5,80.17,0.730314961,0.46,0.16,0,0,2.55,3.53,0.56,-2.47,0.3,,1.57,0,0.89,-0.8,-1.44,-0.6,-1.77,-1.56,1551.81,,0,77.09,2.69,9.62,5.5,2,15.26,8.74
GUY,Guyana,GY,264320,2494.72,0.342742145,0.310370957,67,26,229,7.5,83.7,98.3,88.5,72.61,8.4,35.66,-13.43,2.44,52.21,0.355815832,0.04,0.45,1,3,0.65,0.75,0.53,-0.3,0.05,,0,0,0.09,0.28,-0.29,-0.04,-0.29,-0.51,7447,726.82,17.46,82.69,32.14,16,5.3,7.99,8.58,0
HTI,Haiti,HT,21284222,62918.77,2.085884041,2.08961413,64,53.9,359,45.8,27.6,57.7,60.7,42.39,5.3,12.23,-37.65,5.13,60.7,0.950544016,,0.12,0,0,1.3,3.18,10.33,-3.96,0.61,2467.56,60.65,0,0.6,-0.74,-1.09,-0.7,-2.06,-1.24,1665.46,200.44,0.05,59.07,4.55,7,1,2.35,0.27,0
HMD,Heard I. & McDonald Is.,HM,,,,,,,,,,,,,,,,,,,,,,,,,,,,,,0,,,,,,,,,,,,,,,,
HND,Honduras,HN,14738161,147744.9,1.641013921,1.643513469,74,15.6,129,15.3,82.6,91.2,88.99,59.5,6.5,30,-15.3,5.16,56.98,0.485440766,0.14,0.41,3,4,1.71,2.9,1.74,-11.56,0.61,0.66,4.04,0,2.02,-0.44,-1.05,-0.55,-0.51,-0.72,4215.29,508.16,5.3,88.87,80.95,7,11.3,3.14,14.77,0.63
,Howland I.,,,,,,,,,,,,,,,,,,,,,,,,,,,,,,,,,,,,,,,,,,,,,,,
HUN,Hungary,HU,1626197,59141.68,0.165156303,0.125172646,76,3.8,17,2.5,98,100,99.1,87.76,11.9,76.75,7.82,1.58,49.02,0.807362197,0,0.25,1,3,0.28,0.11,4.86,1.12,0.11,,0,0,0.11,0.37,0.53,0.81,0.51,0.09,25393,2862.93,32.21,123.76,13636.67,70,66.3,32.31,17,
ISL,Iceland,IS,293344,13859.92,0.999369739,0.262245543,83,1.6,3,2.5,98.8,100,,99.3,12.4,98.24,4.12,1.99,52.72,0.044752157,0,0.11,,,1.24,1.28,1.77,15.22,0.07,,0,0,0.1,1.38,1.61,1.37,1.45,1.84,45810,19239.62,43.64,122.58,57995.69,32,151.8,39.7,10.83,0
IND,India,IN,1211655307,6378111.49,0.923580433,1.448637622,69,32,174,14.8,39.6,94.1,71.2,73.4,6.4,29.55,-2.91,5.73,50.99,0.755085098,0.02,0.65,4,4,1.17,2.38,33.88,1.28,0.94,152.47,6.89,2.42,0.04,0.39,0,-0.83,0.09,-0.24,6353,308.11,1.73,87.28,123.05,7,20.9,7.78,5.1,0.56
IDN,Indonesia,ID,469410621,4900655.68,1.807037016,2.055874587,69,21.4,126,7.7,60.8,87.4,95.38,78.96,8,32.29,1.21,5.71,48.54,0.601288764,0.03,0.38,4,3,1.18,2.46,5.61,-3.62,0.27,42.18,19.63,0,0.01,0.13,-0.35,-0.51,0.04,-0.25,10846.34,493.26,4.23,173.84,1283.85,12,13,3.78,11.96,2.81
IRN,Iran,IR,93007374,2597686.62,1.158627105,1.170443121,76,12.8,25,4.9,90,96.2,85.54,87.19,9.8,60.42,1.5,16.61,41.1,0.881311607,0,0.76,4,4,1.2,1.92,67.96,0,0.22,44.54,7.49,0.52,1.45,-1.3,-0.68,-0.93,-0.19,-0.81,19130,,38.42,107.32,224.34,15,15.5,11.4,6.97,0.64
IRQ,Iraq,IQ,33295785,145764.96,0.921326015,0.956481815,70,25.3,50,27.7,85.6,86.6,79.7,63.03,6.8,49.36,1.31,2.85,77.26,0.487646821,0.25,0.75,1,1,3.1,3.34,73.44,0,0.33,,2.26,1189.27,4.99,-1.05,-1.64,-2.33,-1.27,-1.37,17789,1276.97,7.62,87.1,10.22,14,18.1,8.22,0.93,
IRL,Ireland,IE,342944,244329.87,0.07300563,0.301815562,82,3,8,2.5,90.5,97.9,,107.11,12.5,84.52,32.13,1.04,55.2,0.55952381,0.02,0.21,0,0,0.91,1.23,1.46,3.91,1.59,,0.83,0,0.13,1.29,1.43,1.02,1.29,1.55,53754,916.68,38.68,102.88,38547.59,28,124,30.86,14.29,1.48
IMN,Isle of Man,IM,,,,,78,,,,,,,,,,,,,,,,,,0.7,0.85,,,,,0,0,0,,,,,,,,,,4508.41,,22.7,14.49,0,
ISR,Israel,IL,12625118,1453790,1.560894192,1.51942667,83,2.9,5,2.5,100,100,97.8,93.36,13,81.58,2.09,1.28,65.55,0.453606199,0.02,0.14,4,4,1.93,2.01,79.72,7.14,0.68,14.96,1.42,191.8,0.31,0.7,1.02,-0.88,1.39,0.83,32711,12971.11,38.93,126.66,6968.34,31,50.7,32.18,13.22,0.03
ITA,Italy,IT,42571630,2293418.14,0.720191913,0.26486746,83,2.9,4,2.5,99.5,100,99.2,90.88,10.2,61.3,3.08,0.63,57.58,0.395239953,0.02,0.32,3,3,0.34,0.76,28.1,2.98,0.49,59.09,6.58,0,0.28,1.05,0.32,0.24,0.5,0.19,35299,2495.74,34.87,141.29,7742.18,34,57.2,40.93,17,5.41
JAM,Jamaica,JM,5718425,147483.67,2.197868341,2.199743736,76,13.1,89,8.9,81.8,93.8,88.7,78.31,9.8,44.37,-13.97,6.79,47.95,0.651671975,0.06,0.26,0,0,0.34,0.8,7.5,-0.56,0.32,,0,0,0.13,0.69,-0.16,0.25,0.49,-0.17,7846,1142.33,10.28,106.95,138.74,17,16.7,13.2,14.41,0.75
SJM,Jan Mayen,,,,,,,,,,,,,,,,,,,,,,,,,,,,,,,0,,,,,,,,,,,,,,,17,1.48
JPN,Japan,JP,330140298,98205591.15,2.624429793,4.150898378,84,1.9,5,2.5,100,100,,89.16,12.8,90.87,0.97,1.53,66.49,0.818252883,0.01,0.28,4,4,0.13,0.05,18.89,-0.03,0.77,107.58,7.4,0,0,1.01,1.57,1.12,1.62,1.52,38986,9970.68,50.16,133.45,5980.24,134,112.4,24.12,17,0.49
,Jarvis I.,,,,,,,,,,,,,,,,,,,,,,,,,,,,,,,,,,,,,,,,,,,,,,,
JEY,Jersey,JE,,,,,,,,,,,,,,,,,,,,,,,,,,,,,,0,,1.29,1.72,1.27,1.26,1.17,,,,,,,,,,
,Johnston Atoll,,,,,,,,,,,,,,,,,,,,,,,,,,,,,,,,,,,,,,,,,,,,,,,
JOR,Jordan,JO,10692771,195202.02,1.064025367,1.168274253,75,14.6,58,13.5,98.6,96.9,95.4,75.71,10.4,62.3,-21.45,2.21,64.79,0.688006483,0.03,0.78,3,2,3.88,4.45,92.44,0,0.45,,3.43,1752.2,7.18,-0.72,0.26,-0.53,0.12,0.26,8288.46,1643.8,4.27,103.84,108.94,14,31.1,23.44,1.68,
,Juan De Nova I.,,,,,,,,,,,,,,,,,,,,,,,,,,,,,,,,,,,,,,,,,,,,,,,
KAZ,Kazakhstan,KZ,7793864,353401.4,0.529225291,0.53820239,70,8.9,12,2.5,97.5,92.9,99.8,96.34,11.8,76.43,3.38,5.7,53.66,0.474500679,0.01,0.15,3,3,1.43,1.56,18.43,0,0.03,0.37,0.38,0,0.04,-1.23,-0.41,0.02,0.01,-0.82,22626,1707.22,20.31,145.42,1232.26,67,85.4,32.74,3.27,
KEN,Kenya,KE,18197676,45159.04,0.384268269,0.402417399,67,33.6,510,24.2,30.1,63.2,78,64.54,6.5,16.6,-11.54,5.42,75.91,0.566600398,0.1,0.09,4,2,2.6,4.32,10.48,4.33,0.54,44.62,6.67,46.34,0.32,-0.2,-0.41,-1.08,-0.31,-0.96,2960.8,147.96,0.14,86.15,36.96,14,15.8,2.04,13.38,1.23
KIR,Kiribati,KI,8321,74.47,0.12747411,0.229354725,67,42.7,90,3.1,39.7,66.9,,72.13,7.9,13.7,-85.49,1.15,63.63,0.87176958,0.1,,,,1.76,3.39,,0,,,0,0,0,1.05,0.53,0.9,-0.25,0.39,3042,,0.66,39.63,25.77,19,46.2,2.03,17,11.81
KWT,Kuwait,KW,1040569,155434.82,0.231161519,0.230476786,75,6.9,4,2.5,100,99,96.04,80.3,7.3,98,1.8,3.58,30.61,0.927195867,0.08,0.44,0,0,3.95,3.95,2075,,0.65,,0.24,76.88,0.06,-0.61,0.1,-0.04,-0.17,-0.33,70524,8918.05,13.1,124.17,474.79,20,70.5,26.08,17,0.09
KGZ,Kyrgyzstan,KG,5521576,18331.14,0.820987598,0.820619603,71,17.9,76,6.5,93.3,90,99.5,84.16,10.9,34.5,-31.37,7.97,57.07,0.61912319,0,0.36,3,3,2.01,2.41,32.63,-5.91,0.15,16.35,3.91,0,0.09,-0.44,-0.93,-0.43,-0.71,-1.05,3255.24,351.05,5.99,121.92,103.04,45,63.6,18.54,12.36,
LAO,Laos,LA,10660892,54839.16,1.464922776,1.847689815,67,48.6,197,16.6,70.9,75.7,84.66,65.47,5.2,21.87,-7.15,4.82,58.51,0.45131684,0.07,0.04,2,1,1.34,3.23,1.05,5.31,0.9,6.3,20.83,0,0.11,-1.75,-0.88,0.43,-0.36,-0.94,6070.12,185.34,16.41,54.12,16.62,15,9.6,4.91,15.91,
LVA,Latvia,LV,119618,5145.34,0.075731129,0.071647417,75,3.6,18,2.5,87.8,99.3,99.9,98.51,12.8,81.32,-1.33,1.48,54.23,0.704087294,0.02,0.18,3,3,0.94,0.89,0.68,0.06,0.14,,0,0,0.05,0.8,0.93,0.46,0.9,0.54,25002,2377.16,17.55,126.39,11957.29,58,49,31.95,17,16.79
LBN,Lebanon,LB,6048038,279950.3,1.027638543,1.021353887,80,6.7,15,10.9,80.7,99,93.9,64.2,8.7,76.11,-22.77,2.15,46.21,0.937800963,0.01,0.67,4,4,4.26,4.44,24.34,0.29,0.24,,3.28,9198.02,0.18,-0.58,-0.82,-1.59,-0.51,-1,13377.73,9110.21,30.24,81.42,133.67,29,25.6,22.71,2.9,0
LSO,Lesotho,LS,866601,8526.57,0.393459928,0.406710322,55,66.5,487,12.8,30.3,81.8,79.4,62.07,6.3,27.36,-40.89,4.5,66.38,0.554907677,0.36,0.2,0,0,1.33,2.84,1.45,11.36,0.21,,0,0,0,0.04,-0.27,-0.25,-0.85,-0.03,3255,294.48,0.48,106.6,18.81,13.34,5.9,0.68,0.24,
LBR,Liberia,LR,554013,346.77,0.121296653,0.15331299,63,55.9,725,38.8,16.9,75.6,47.6,64.09,4.7,7.32,-78.86,7.96,81.38,0.751765893,0.22,0.06,0,0,2.47,3.32,0.06,-3.47,0.04,,0,0,0.43,-0.02,-0.97,-0.41,-1.37,-0.69,667,114.81,0.17,67.56,1.9,8,4.6,0.37,2.2,0.1
LBY,Libya,LY,6080363,74155.54,0.975901331,0.983553172,72,10.6,9,,96.6,71.2,91,90.91,7.3,20.27,-32.63,3.32,48.33,0.677354305,0.18,0.67,0,0,0.56,0.89,822.9,0,0.07,,0,1956.67,3.42,-1.44,-1.78,-2.33,-1.77,-1.59,11100,12458.46,21.84,121.72,968.53,37,69.1,21.58,0.21,0
LIE,Liechtenstein,LI,16587,14021.32,0.502757212,0.579529134,80,,,,,,,87.29,12.5,98.09,,,,,0.22,,,,0.74,0.67,,,0.8,,,0,0.42,1.28,1.67,1.5,1.76,2.06,97336,,41.8,122.95,23838.41,,,,13.42,
LTU,Lithuania,LT,356400,14424.42,0.123898506,0.111760778,75,3.4,10,2.5,92.4,96.6,99.8,97.5,13,77.62,2.01,1.31,51.12,0.605043575,0.05,0.16,0,2,1.1,0.91,2.56,0.46,0.15,,1.74,0,0.06,0.99,0.99,0.78,0.98,0.55,28314,1573.59,16.85,150.9,13061.4,73,80.5,43.37,16.77,10.79
LUX,Luxembourg,LU,222419,76402.16,0.378999044,0.288171944,82,2.1,10,2.5,97.6,100,,78.06,12.1,97.83,36.05,1.26,44.41,0.431041415,0.03,0.18,,,2.43,2.76,1.23,0,1.39,,0,0,0.33,1.52,1.74,1.34,1.68,1.99,65016,1464.81,47.18,136.09,42790.96,48,123.3,30.27,17,
MKD,Macedonia,MK,1961462,31117.79,0.978835814,0.956966843,76,12,8,4.1,90.9,99.4,96.13,71.65,9.6,72.16,-13.73,0.98,42.76,0.316136773,0.02,0.37,3,3,0.09,0.3,8.61,0,0.19,135.71,15.35,0,0.01,-0.14,-0.24,-0.25,0.14,-0.31,12504.95,1345,17.34,101.86,497.8,44,37.9,28.75,7.84,
MDG,Madagascar,MG,32039667,34384.04,1.393325475,1.383849774,66,32.7,353,43.1,12,51.5,64.7,64.94,6.1,9.8,-3.62,6.4,78.25,0.616995811,0.01,0.06,0,0,2.7,4.59,4.02,-0.64,0.13,59.21,11.92,0,0.01,-0.34,-0.86,-0.33,-1.14,-1.05,1358,62.58,0.27,34.14,4.93,2,2.2,1.81,5.54,0.47
MWI,Malawi,MW,13438927,17039.21,0.756491372,0.782529249,64,38.5,634,26.3,41,90.2,62.14,67.08,4.5,11.47,-7,13.23,88.57,0.669044788,0.06,0.12,0,0,2.91,4.02,7.85,-2.78,0.26,633.03,15.45,0,0.07,-0.03,-0.37,-0.27,-0.67,-0.65,1064.42,38.62,0.09,41.74,9.88,13,2.8,0.16,16.72,
MYS,Malaysia,MY,30132673,982423.99,0.987278118,1.251453375,76,6.7,40,2.9,96,98.2,94.6,77.31,10.2,80.14,7.03,2.97,44.11,0.785035138,0.05,0.34,3,3,1.62,2.47,1.93,0.32,0.08,13.58,1.65,2.43,0.36,-0.4,0.41,0.16,0.84,0.03,26107.27,3239.49,20.8,133.88,4836.98,19,41.2,15.33,17,0.65
MDV,Maldives,MV,91248,2920.04,0.391608872,0.875619259,78,6.8,68,11,97.9,98.6,99.3,72.49,6.3,59.09,-4.8,2.53,37.99,0.863235976,0.17,0.48,,,2.44,3.54,15.67,,,,0,0,0.02,-0.74,-0.62,0.26,-0.45,-0.79,13567,1368.18,4.67,206.29,479,43,82.2,10.38,0.54,0.04
MLI,Mali,ML,6476000,12386.72,0.352108809,0.345903274,59,65.8,587,6,24.7,77,33.07,48.45,2.3,11.11,-18.97,2.04,100.9,0.823859087,0.19,0.26,1,1,2.94,4.95,4.32,-7.73,0.22,,0.94,103.9,0.63,-0.26,-0.78,-1.91,-0.94,-0.63,1952.95,,1.12,112.35,7.66,1,4.4,1.39,7.42,
MLT,Malta,MT,508,43.17,0.001187982,0.001162759,81,5.6,9,2.5,100,100,94.4,86.31,11.3,80.07,10.7,1.31,51.18,0.760948172,0.04,0.36,,,2.05,2.12,44.36,,1,,0,0,1.71,1.17,1.14,1.27,1,0.74,34396,1790.26,55.77,129.98,14184.64,47,91.4,39.08,17,0.33
MHL,Marshall Is.,MH,3756,53.75,0.187922149,0.365699715,74,28,,,76.9,94.6,98.27,74.62,10.9,29.79,-56.37,1.28,,,0.1,,,,0.18,0.74,,0,,182.04,0,0,0.01,1.19,0.14,0.2,-1.55,0,5125,,4.46,29.25,112.94,27,35.5,4.56,15.37,0.39
MTQ,Martinique,MQ,1056505,104841.97,2.949536476,2.947901423,,,,,,,96.9,,,,,,,,,,,,,,,,0.33,,0,0,,0.56,0.87,1.01,1.11,1.24,,,,,,,,,17,0
MRT,Mauritania,MR,979333,2723.49,0.281255968,0.218537781,63,53.3,602,11.3,40,57.9,52.1,50.14,4.5,18,-22.91,4.53,75.64,0.491935484,0.04,0.54,3,4,2.87,4.61,11.82,-7.23,0.06,,3.96,0,2.75,-0.8,-0.6,-0.62,-0.72,-0.75,3591.76,197.27,1.29,92.17,4.07,4,6.7,1.79,0.61,4.14
MUS,Mauritius,MU,1751698,62986.05,1.386254876,1.406323354,75,11.6,53,5.8,93.1,99.9,93.16,81.56,9.3,52.19,-12.99,2.75,41.51,0.770478829,0.07,0.38,0,0,0.14,0.1,26.35,0.52,0.06,,0,0,0.03,0.79,0.68,0.99,0.9,0.2,20189,4732.15,32.65,145.4,379.56,34,33.5,20.03,5.43,0
MYT,Mayotte,YT,,,,,,,,,,,,,,,,,,,,,,,,,,,,,0,0,,,,,,,,,,,,,,,9.57,99.73
MEX,Mexico,MX,209745235,8700461.68,1.690637564,1.837375842,77,11.5,38,3.8,85.2,96.1,94.86,81.93,8.6,63.85,-1.81,3.24,50.43,0.151563434,0.09,0.44,3,3,1.33,1.7,17.21,-0.69,0.24,104.52,5.25,46.78,0.26,-0.08,-0.57,-0.65,-0.03,-0.93,16944.1,1358.51,15.95,88.51,179.18,15,26.5,22.48,13.08,1.85
FSM,Micronesia,FM,14692,143.05,0.186026488,0.236786928,69,26.7,100,,57.1,89,,75.43,8,33.35,-45.78,1.13,61.1,1,0.08,,,,0.39,0.64,,0.22,0.5,281.5,47.07,0,0,1.14,0.01,1.2,0.09,0.75,3843,1495.99,6.58,21.9,170.54,32,33.2,1.77,7.55,0
,Midway Is.,,,,,,,,,,,,,,,,,,,,,,,,,,,,,,,,,,,,,,,,,,,,,,,
MDA,Moldova,MD,5178676,52280.68,1.237827316,1.257190383,72,13.3,23,,76.4,88.4,99.4,71.45,11.6,71,-28.13,5.8,36.25,0.561707036,0.01,0.14,0,0,0.05,0.06,8.68,5.96,0.08,,0,0,0.17,-0.03,-0.41,-0.24,-0.51,-0.8,5554,621.05,28.23,90.42,2837.1,58,45.1,31.98,3.53,
MCO,Monaco,MC,0,0,0,0,,2.7,,,100,100,,,,95.21,,,,,,,,,0.48,0.48,,,,,,0,0.06,0.84,0.94,1.65,,,,,121.5,85.23,9639.49,138,205.2,66.45,17,0.13
MNG,Mongolia,MN,876192,9974.31,0.296434933,0.279636864,70,14.8,44,18.7,59.7,64.4,98.4,85.94,10.1,22.27,2.35,8.78,50.83,0.661587176,0.01,0.2,0,0,1.78,1.87,1.58,-3.73,0.07,,5.45,0,0.21,0.29,-0.3,0.82,-0.26,-0.45,10103.05,980.83,9.51,126.35,1546.02,68,40.7,28.87,13.17,
MNE,Montenegro,ME,929279,8699.58,1.437357603,0.945726456,77,3.2,7,2.5,95.9,99.7,98.7,82.88,11.3,71.27,-24.17,0.7,48.99,0.536123174,0,0.23,0,0,0.06,0.57,,0,0.36,,0,0,0.36,0.12,0.01,0.01,0.15,-0.09,16778.7,1729.45,24.19,166.1,223.3,40,57.4,23.43,12.23,0
MSR,Montserrat,MS,13638,432.02,3,3,,,,,,,,88.79,,,,,,,0.02,,,,,,,,2.41,,,0,0,,,,,,,,,,,,,,5.6,0
MAR,Morocco,MA,20321576,245342.71,0.582833773,0.599039411,76,20,121,3.9,76.7,85.4,68.5,79.42,5.5,61.76,-9.9,1.59,51.89,0.59381811,0.11,0.66,2,2,1.39,2.31,35.69,-0.71,0.16,27.95,1.66,0,0.04,-0.65,-0.17,-0.41,-0.16,-0.13,7339.62,711.36,5.73,122.88,283.02,11,8.7,7.27,17,0.16
MOZ,Mozambique,MZ,28893562,37758.49,0.998064912,0.923036773,59,53.3,489,30.5,20.5,51.1,56.04,61.82,3.5,17.52,-32.37,4.82,92.12,0.22595778,0.09,0.11,0,0,2.89,4.42,0.68,-2.65,0.03,19.26,9.01,1.79,0.05,-0.42,-1.01,-0.98,-0.89,-0.86,1092.69,113.29,0.27,40.03,7.48,7,4,0.74,16.58,2.24
MMR,Myanmar,MM,112546207,429899.73,2.155369993,2.459197183,67,38.5,178,10.5,79.6,80.6,75.55,64.28,4.9,25.07,-4.88,6.67,48.29,0.800625489,0.1,0.36,4,4,0.91,1.62,2.85,-8.6,1.12,20.71,6.61,48.22,0.74,-0.87,-0.95,-1.08,-1.05,-0.56,5567,97.69,1.04,89.85,9.91,9,9.3,8.64,6.13,0.05
NAM,Namibia,NA,939038,21178.23,0.388425151,0.471639215,65,31.8,265,25.4,34.4,91,81.9,70.12,6.8,31.03,-10.82,5.65,67.36,0.195715677,0.15,0.1,3,3,2.25,4.55,0.71,-5.09,0.05,45.94,0,0,0.15,0.55,0.24,0.65,0.2,0.32,9387.2,959.91,7.62,104.5,113.27,26.66,27.8,3.74,17,1.7
NRU,Nauru,NR,,,,,,27.3,,,65.6,96.5,,56.13,,54,-52.92,,,,0.03,,,,5.67,5.67,,,,,,0,6.97,0.51,-0.73,0.57,-0.43,-0.47,18573,,0,87.25,73.27,50,69.7,12.39,0,0
NPL,Nepal,NP,39157709,75954.86,1.300410683,1.232087831,71,27.8,258,9.5,45.8,91.6,63.9,71.85,4.9,19.69,-32.26,6.91,57.98,0.424795958,0.11,0.04,3,2,1.16,3.21,4.52,0,1.8,2303.74,339.05,0,0.15,-0.23,-0.68,-0.66,-0.88,-0.75,2470.99,301.37,2.94,123.17,149.19,3,20.4,6.51,12.8,
NLD,Netherlands,NL,7553365,1347752.86,0.429591907,0.376229837,82,3.3,7,2.5,97.7,100,,106.76,12.2,93.2,11.68,0.71,54.3,0.28343949,0.02,0.16,0,0,0.45,1,11.78,0.8,2.18,11.61,0.18,0,0.61,1.57,1.83,0.92,1.85,1.87,47900,2242.59,38.45,120.52,70405.72,47,105.4,35.07,10.92,18.39
ANT,Netherlands Antilles,BQ,0,,0,,,,,,,,,,,,,,,,,,,,,,,,0.35,,,0,,0.34,0.85,0.68,0.75,0.79,,,,,,,,,,
NCL,New Caledonia,NC,505592,15364.49,2.001583556,2.592247658,77,,,11.6,100,98.5,96.9,,,74,-19.91,,48.09,,,0.16,,,1.59,2.24,,0,0.28,,0,0,,,,,,,,,28.88,96.72,2856.02,,,19.82,17,95.88
NZL,New Zealand,NZ,8101251,1260898.73,1.828350906,2.506204928,82,4.4,11,2.5,,100,,103.73,12.5,88.47,0.31,1.64,54.05,0.327168995,0.06,0.15,1,2,1.68,1.75,1.59,0.01,1.07,215.42,0.63,0,0.03,1.56,1.92,1.59,1.77,2.24,33970,4314.6,29.07,136,14980.5,28,111.5,30.25,15.29,29.77
NIC,Nicaragua,NI,15091608,96647.83,2.374173631,2.495347013,76,14.8,150,16.2,67.9,87,82.8,70.61,6.7,24.57,-14.2,6.49,52.62,0.098619329,0.13,0.4,1,1,1.13,1.47,0.94,0,0.7,2.23,4.77,0,0.07,-0.72,-0.64,-0.05,-0.64,-0.87,5157.32,443.55,6.05,131.56,125.61,9,13.8,10.06,16.07,2.91
NER,Niger,NE,1239486,1336.04,0.0632345,0.083256054,60,48.3,553,14.4,10.9,58.2,19.1,42.62,2,10.22,-16.34,1.12,111.65,0.659045327,0.27,0.26,2,2,3.83,4,2.89,-5.15,0.2,15.11,10.4,146.74,0.7,-0.41,-0.68,-1.3,-0.67,-0.65,905.87,,0.53,40.88,0.47,3,1.4,0.5,17,
NGA,Nigeria,NG,56533057,208171.09,0.291637268,0.295505091,54,64.6,814,11.5,29,68.5,59.6,56.03,6.2,25.67,-2.29,8.98,87.77,0.886478816,0.1,0.16,3,4,2.64,4.44,4.36,-22.65,0.31,8.24,2.22,102.18,1.13,-0.34,-0.87,-1.94,-0.96,-1.07,5231,223.32,0.07,75.92,222.8,5.3,16.1,3.83,13.36,0.02
NIU,Niue,NU,,,,,,,,,,,,71.11,,,,,,,0.1,,,,,,,,0.01,,,0,1.42,-0.46,-0.79,1.32,-0.99,-0.42,,,,,,52,,18.75,10.69,0.01
NFK,Norfolk I.,NF,,,,,,,,,,,,,,,,,,,,,,,,,,,0,,,0,,,,,,,,,,,,,,,0,0
PRK,North Korea,KP,18425693,71217.51,0.701384696,3.040649948,72,14.4,82,43.4,81.9,99.7,100,70.6,,0,,,43.08,0.680955177,0.01,0.14,0,0,0.51,0.81,11.22,-11.21,0.3,,31.9,0,0.01,-2.2,-1.71,-0.48,-1.69,-1.48,,,4.65,14.21,0.04,132,40.9,36.74,2.85,0
MNP,Northern Mariana Is.,MP,,,,,,,,,79.7,97.5,,,,,1.69,,,,,,,,0.52,0.62,,-2.7,,,36.24,0,,,,,,,,,40.13,31.18,253.88,,,4.45,10.63,26.29
NOR,Norway,NO,236810,77664.42,0.045322896,0.036613379,82,2.1,5,2.5,98.1,100,,100.25,12.6,96.51,2.42,2.26,52.89,0.200807265,0.03,0.1,0,0,1.02,1.52,0.77,0.08,1.06,,0,0,1.12,1.69,2.02,1.15,1.98,2.24,68012,12480.33,14.05,107.84,14558.08,39,178.2,46.34,14.66,0.25
OMN,Oman,OM,1391298,95149.82,2.27846961,0.607686182,77,9.7,17,5.4,96.7,93.4,96.11,87.37,9.5,76.85,5.63,2.04,31.87,0.964871194,0.03,0.65,0,0,5.83,7.32,84.71,,0.37,31.51,2.28,0,0.01,-1.06,0.43,0.74,0.21,0.25,36290,3470.21,10.74,149.77,142.79,16,41.5,19.7,2.57,0.11
PAK,Pakistan,PK,195714829,552280.87,0.921137548,3.41880562,67,61.2,178,20.5,63.5,91.4,57.9,52.16,5.2,15.51,-9.32,5.57,64.67,0.576393173,0.19,0.7,4,4,2.04,2.62,74.35,-12.74,1.38,66.26,15.7,230.36,0.06,-0.69,-0.72,-2.4,-0.58,-0.78,5311.22,93.68,1.49,73.36,121.43,6,5,9.78,10.65,0.77
PLW,Palau,PW,23081,812.04,1.490539232,1.410653771,73,13.2,,,100,95.3,96.59,99.08,12.3,26.97,-26.2,2.36,,,0.05,,,,0.91,1.73,,0,,,,0,0.02,1.21,0.28,0.94,-0.23,-0.47,12831,,33.84,111.53,184.09,48,52.6,11.85,17,0.18
PAN,Panama,PA,3298627,105130.2,0.837390529,0.799822016,78,13.9,94,9.2,75,94.7,95,75.23,10.2,54,-4.52,1.91,54.57,0.633193025,0.03,0.35,3,3,1.66,2.14,0.74,-1.75,0.48,12.75,5.53,0,0.06,0.52,0.04,0.39,0.01,-0.54,19178,659.58,14.73,145.85,2155.62,23,23.3,15.7,15.94,1.12
PNG,Papua New Guinea,PG,9798110,62556.08,1.265828002,1.448769103,66,41.8,215,,18.9,40,64.2,35.92,4.6,9.6,13.25,5.02,65.96,1,0.27,0.03,1,1,2.09,2.28,0.05,-0.04,0.05,61.4,24.35,0,0.14,0.13,-0.82,-0.58,-0.66,-0.9,3403,207.78,1.9,46.78,31.75,40.24,5.3,0.55,2.42,0.18
PRY,Paraguay,PY,3103727,40339.05,0.436064988,0.391542346,73,17.9,132,11.2,88.6,98,94.65,71.59,8.4,61.08,-0.98,4.44,55.71,0.719967532,0.06,0.33,1,3,1.31,1.77,0.62,-9.6,0.44,,2.03,0,0.01,-0.04,-0.65,0.12,-0.81,-0.72,8380.13,1156.54,4.26,109.65,188.36,13,10.5,13.66,14.47,
PER,Peru,PE,36909928,865524.5,1.206537373,1.191712663,75,11.6,68,8.8,76.2,86.7,94.17,91.28,9.2,48.73,1.66,2.36,52.76,0.446553447,0,0.18,3,3,1.29,1.53,0.72,-1.12,0.21,162.68,24.36,0,0.18,0.27,-0.5,-0.26,-0.13,-0.5,11789.35,1984.09,9.58,120.98,213.68,16,14.9,12.7,15.91,0.58
PHL,Philippines,PH,240046307,1387669.53,2.656623472,3.008057938,69,22.2,114,13.7,73.9,91.8,96.3,84.85,9.3,55.5,-9.55,3.33,57.53,0.406080129,0.1,0.34,1,1,1.6,2.02,17.03,17.54,0.32,98.1,10.97,39.34,0.28,0.08,-0.41,-1.24,-0.06,-0.48,9153.54,775.97,3.97,110.4,88.06,10,2.4,12.75,15.19,1.37
PCN,Pitcairn Is.,PN,,,,,,,,,,,,,,,,,,,,,,,,,,,,,,0,,,,,,,,,,,,,,,,0
POL,Poland,PL,4003096,138830.95,0.104328826,0.084305165,78,4,3,2.5,97.2,98.3,99.8,97.72,12.3,75.99,3.99,0.86,46.16,0.458518662,0.03,0.25,0,0,0.05,0.23,18.96,1.14,0.25,5.44,5.09,0,0.04,0.78,0.47,0.52,0.63,0.73,26150.4,2982.62,21.3,130.54,6534.76,65,56.9,24,17,22.5
PRT,Portugal,PT,8816857,479842.64,0.844129873,0.462366329,81,3.1,10,2.5,99.7,100,95.7,97.24,9.2,73.79,1.03,0.98,54.17,0.339282324,0.03,0.16,0,0,0.43,0.49,11.82,-1.76,0.47,47.21,11.27,0,0.02,1.21,1.13,1.08,1.33,0.87,27315,2535.21,46.77,113.89,12472.75,34,63.8,33.36,17,0.8
PRI,Puerto Rico,PR,,,,,80,,14,,99.3,93.6,93.3,91.75,,68.64,27.17,,49.49,,0.07,0.35,0,0,1.71,1.74,14.32,3.45,1.12,9769.83,18.31,0,,0.49,0.62,0.4,-0.1,0.14,22449.89,,21.4,92.53,281.97,33.2,,17.5,7.5,1.75
QAT,Qatar,QA,336079,108748.2,0.151622339,0.150203148,78,6.5,13,,98,100,97.3,62.23,9.8,94.29,5.86,2.62,17.9,1,0.25,0.39,0,0,4.48,4.56,374.1,,1.8,,0,0,0.01,-1.18,0.72,0.55,0.74,0.73,116818,5686.45,16.71,148.29,414.14,12,57,0.01,4.08,0.07
REU,Reunion,RE,,,,,,,,,,,,,,,,,,,,,0,0,,,,,0.4,,1.13,0,,1.23,1.11,0.33,1.11,0.64,,,,,,,,,17,0
ROU,Romania,RO,15448219,220242.9,0.782499164,0.430581662,76,6.6,31,2.5,79.1,100,98.8,79.86,11,63.75,-2.13,1.91,49.51,0.598448109,0.01,0.3,3,3,0.48,0.49,3.03,5.31,0.17,0.35,1.63,0,0.04,0.52,0.39,0.06,-0.17,-0.03,22645.54,2268.36,19.77,114.59,12255.76,63,64.2,22.59,16.11,8.74
RUS,Russia,RU,44888688,1581328.25,0.307067247,0.210896295,71,6.5,25,2.5,72.2,96.9,99.7,96.65,12,76.01,5.35,9.31,46.59,0.704838408,0.01,0.21,4,4,0.18,0.32,1.35,-0.03,0.06,1.03,0.44,11.04,0,-1.09,-0.79,-0.67,-0.08,-0.89,24232.56,2994.78,21.66,157.89,3541.14,82,86.8,40.14,9.06,2.74
RWA,Rwanda,RW,16414263,18954.02,1.407272121,1.348853286,68,28.9,290,36.1,61.6,76.1,70.5,71.05,4.1,20,-14.53,3.81,75.78,0.202904239,0.12,0,3,2,2.47,2.69,1.13,7.62,0.53,31.34,22.24,39.86,3.63,-1.12,0.13,0.04,0.26,0.63,1811.22,92.62,0.1,72.24,17.94,16,8.3,1.35,8.48,
WSM,Samoa,WS,390329,4046.66,2.156266144,2.416926086,75,14.2,51,3.1,91.5,99,99,71.33,10.3,29.41,-20.51,1.71,72.98,0.79338843,0.1,0.39,,,0.75,0.48,,0,0.8,,0,0,0.01,0.78,0.87,1.2,0.62,0.66,5909,677.23,4.3,63.23,295.26,9.7,15.4,3.41,6.55,0.08
SMR,San Marino,SM,72757,9572.29,1,1,85,2,,,,,,85.33,,49.6,,0.94,,,0.03,,,,0.91,1.1,,,,,,0,0.01,1.19,0.94,0.94,,,,12004.91,47.31,113.77,19011.98,38,90.9,63.63,0,
STP,Sao Tome & Principe,ST,0,0,0,0,67,25.2,156,10.2,34.7,97.1,74.9,77.29,6.3,28,,4.74,84.25,0.637450199,0.15,0.45,,,2.22,3.6,0.32,0,0.03,,0,0,0.02,0.33,-0.68,0.22,-0.77,0.14,2941,288.51,2.73,84.98,39.15,29,20.6,3.2,0,0
SAU,Saudi Arabia,SA,13139217,1034586.49,0.484408784,0.492384427,75,6.3,12,5.5,100,97,94.7,99.74,9.5,80.08,5.4,2.57,39.78,0.536454694,0.23,0.72,4,4,2.49,2.75,943.3,0,0.01,0.74,1.52,155.84,0.01,-1.68,0.1,-0.62,0.25,0.36,49680.22,16955.82,10.99,122.08,167.62,27,52.1,23.9,17,1.17
SEN,Senegal,SN,4554082,10658.27,0.297625399,0.257642182,68,32.7,315,11.3,47.6,78.5,51.9,53.03,3,25.66,-15.72,1.02,84.81,0.178297621,0.09,0.35,4,2,2.91,3.85,5.7,-2.36,0.33,,0.31,0,0.11,0.32,-0.15,-0.04,-0.32,-0.09,2384.18,,1.83,99.42,8.58,3.36,3.1,0.68,17,1.1
SRB,Serbia,RS,7105229,35918.79,0.802728908,1.01981834,75,5,17,5.6,96.4,99.2,98.84,87.32,11.1,70.33,-8.81,3.36,51.1,0.327336723,0.01,0.26,3,3,0.5,0.29,2.56,0.26,0.2,467.14,7.08,0,0.18,0.12,-0.19,0.1,0.19,-0.37,13018.71,1695.51,37.53,124.06,5801.4,57,47.2,31.25,6.21,
SYC,Seychelles,SC,725,43.1,0.007747134,0.006791742,74,12.2,,,98.4,95.7,91.8,87.6,9.5,56.51,-15.99,2.91,44.6,0.582018927,0.07,,,,1.64,2.41,,0,0.38,,0,0,0.01,0.19,0.1,0.68,0.42,0.68,26077,5688.5,20.74,176.58,155191.3,36,44.3,9.46,13.79,0.03
SLE,Sierra Leone,SL,3648955,2015.01,0.512337676,0.537573812,52,81.7,1360,25.5,13.3,62.6,48.1,41.06,3.5,11.77,-29.59,10.03,80.6,0.754358162,0.05,0.03,0,2,2.21,3.19,0.13,11.67,0.16,80.75,144.05,0,0.04,-0.21,-0.79,0.03,-1.21,-0.59,1240,67.23,0.23,84.9,1.85,4,3.2,0.25,9.39,0.54
SGP,Singapore,SG,640210,30924.41,0.116643929,0.11487178,83,2.2,10,,100,100,97.05,113.79,11.5,84.45,24.26,1.3,38.7,0.545364697,0.01,0.21,3,1,1.1,1.1,,0,0.28,,0,0,0,-0.17,1.82,1.59,2.21,2.13,82503.13,50781.79,34.74,148.24,58690.33,24,71.2,22.76,5.22,1.16
SVK,Slovakia,SK,1555494,93230.89,0.277237707,0.21714426,77,4.6,6,2.7,98.8,100,,79.73,12.5,81.63,3.43,0.97,43.76,0.610819226,0.01,0.23,1,2,0.12,0.08,1.12,0.05,0.16,,0,0,0.05,0.94,0.57,0.88,0.81,0.22,29467,665.62,13.93,130.66,6962.82,58,60.2,24.64,17,
SVN,Slovenia,SI,2024669,45522.84,0.889696118,0.319221296,81,1.7,9,2.5,99.1,99.5,99.7,98.77,12.2,78.89,9.66,0.7,51.57,0.270957489,0.02,0.15,0,0,0.09,0.53,3.63,0.08,0.49,,1.92,0,0.03,1,1.02,0.89,1.17,0.81,30594,430.53,34.48,117.46,19590.68,46,88.4,29.95,17,
SLB,Solomon Is.,SB,1031601,6361.76,2.201589514,3.305103283,71,17.6,114,12.3,29.8,80.8,84.1,55.33,5.5,11,-8.24,4.18,73.46,0.959316517,0.05,0.22,,,2.06,4.15,,-1.27,0.08,212.47,89.85,0,0.03,0.49,-0.21,0.21,-1.01,0.11,1872,939.29,1.21,76.12,63.79,13,17.8,2,1.46,0.07
SOM,Somalia,SO,2303554,1504.04,0.186750487,0.183057254,57,79.7,732,,23.5,31.7,,,2.1,1.88,-50.74,,96.71,0.51384738,0.54,0.75,3,3,2.88,4.2,22.44,-5.69,0.1,,4.08,385.17,17.44,-1.78,-2.31,-2.33,-2.21,-1.72,,3.17,0.34,46.47,25.64,9,0.8,0.29,0.58,0
ZAF,South Africa,ZA,35767775,986454.29,0.662045063,0.726228856,63,28.8,138,6.1,66.4,93.2,94.37,80,10.1,54,1.37,5.43,52.28,0.175176748,0.09,0.23,0,1,1.36,2.16,30.19,0,0.13,48.4,1.55,0,0.16,0.64,-0.01,-0.27,0.28,-0.01,11923.27,894.31,6.4,161.99,9477.8,28.4,52.3,9.1,6.64,11.33
SGS,South Georgia & the South Sandwich Is.,GS,,,,,,,,,,,,,,,,,,,,,,,,,,,,,,0,,,,,,,,,,,,,,,,
KOR,South Korea,KR,47767456,4715351.68,0.943495235,1.311724079,82,2.8,11,2.5,100,97.6,,96.77,12.1,95.1,5.4,2.27,37.72,0.659727782,0,0.29,0,0,0.5,0.41,41.66,-0.61,1.19,1.87,1.09,0,0.01,0.74,1.16,0.29,1.08,0.48,35944.71,7554.57,52.65,124.86,1196.51,115,69,23.66,7.64,1.04
SSD,South Sudan,SS,12467874,23833.86,1.049946921,1.025256476,57,62.5,789,,6.7,58.7,27,,4.8,6.68,-6.8,8.65,82.2,0.428857715,0.46,0.04,0,0,3.01,4.21,1.33,,0.32,,0,655.76,14.47,-1.82,-1.94,-2.46,-2.48,-1.71,963,5.57,0,12.02,0.16,,,,14.08,
ESP,Spain,ES,23148772,1246370.1,0.507204916,0.197956709,83,2.6,5,2.5,99.9,100,98.25,108.78,9.8,84.6,2.67,0.35,51.8,0.232882088,0.01,0.18,2,3,0.09,0.21,32.96,0.94,0.28,1.2,0.95,3.01,0.04,1.03,1.01,0.27,1.03,0.49,34258,1490.17,42.46,113.22,7250.34,30,53.2,40.69,17,1.24
LKA,Sri Lanka,LK,23576497,229149.78,1.106437764,1.11427089,76,7.5,30,10.9,95.1,95.6,91.9,78.81,10.9,32.05,-7.21,3.54,51.7,0.888332692,0.05,0.53,4,4,0.97,1.18,24.53,-1.57,0.26,233.12,43.53,0,0.18,-0.06,0.06,-0.06,-0.15,-0.45,11325.63,371.15,12.47,135.07,305.21,36,27.9,9.58,15.47,0.07
SHN,St. Helena,SH,,,,,,,,,,,95.97,,,,,,,,,,,,,,,,0.04,,,0,,,,,,,,,,,,,,,17,0
KNA,St. Kitts & Nevis,KN,78744,6331.35,2.471288895,2.470149431,74,11.6,,,87.3,98.3,,85.49,8.4,76.82,0.46,1.8,,,,,,,1.02,0.83,51.25,0,0.39,215.68,0,0,0.12,0.99,0.53,0.64,0.56,0.51,23978,6596.77,31.25,138.91,2927.09,23,63.6,25.23,10.74,0.17
LCA,St. Lucia,LC,590704,18531.23,3.385636944,3.445110433,76,14.9,48,,90.5,96.3,,73.65,8.9,46.73,,2.35,40.07,0.672869736,0.01,0.19,,,0.45,0.63,14.3,-1.46,0.8,,0,0,0.66,0.98,0.6,1.15,0.27,0.59,11695,1799.15,19.58,98.8,195.7,13,19.7,1.03,10.48,0.02
SPM,St. Pierre & Miquelon,PM,,,,,,,,,,,,,,,,,,,,,,,,,,,0.02,,,0,0.03,,,,,,,,,,,,,,1.92,0
VCT,St. Vincent & the Grenadines,VC,157710,3883.89,2,2,73,14.9,45,5.7,76.1,95.1,,78.28,8.6,65.56,-14.54,0.9,46.02,0.737744604,0.04,0.27,,,0.1,0.9,7.9,0,0.43,78.19,0,0,1.31,0.94,0.43,0.9,0.27,0.72,10499,1656.52,18.3,105.7,163.79,26,44.1,6.59,13.36,0.18
PSE,State of Palestine,PS,,,,,74,17.9,45,,92.3,58.4,96.93,76.15,9.1,61.18,-37.07,,74.27,,0.1,0.73,0,0,2.93,3.27,48.75,,0.39,,0.79,0,4.71,-1.03,-0.42,-1.64,-0.4,-0.03,5055.09,,9.6,84.04,520.84,12,,8.37,0,
SDN,Sudan,SD,11765808,22912.97,0.323239441,0.322347805,65,43.7,311,25.2,23.6,55.5,75.9,49.95,3.7,28,-2.12,16.02,79.76,0.390243902,0.02,0.66,4,4,2.38,2.98,71.24,-29.48,0.33,,7.64,197.54,4.99,-1.83,-1.11,-2.01,-1.41,-1.54,4119.15,4.39,0.35,70.67,1.87,8,11.6,4.1,1.7,0.02
SUR,Suriname,SR,219678,3621.71,0.419495409,0.375142473,72,17.5,155,7.6,79.2,94.8,95.6,70.66,8.5,45.4,8.29,2.8,50.08,0.488157367,0.32,0.36,0,0,0.96,0.91,0.62,-0.12,0.29,,0,0,0.02,0.43,-0.15,0.14,-0.62,-0.17,13306,753.64,15.8,141.26,204.12,31,52.7,12.27,11.01,1.54
SJM,Svalbard,SJ,,,,,,,,,,,,,,,,,,,,,,,,,,,,,,0,,,,,,,,,,,,,,,17,1.48
SWE,Sweden,SE,668033,117055.21,0.066823999,0.062094644,83,2.3,4,2.5,99.3,100,,110.59,12.4,96.41,4.21,1.04,60.05,0.127301841,0.12,0.1,0,0,1.12,1.47,1.55,0,0.45,0.82,0,13.93,2.39,1.58,1.94,0.98,1.84,2.14,47766,6177.3,28.2,125.48,13605.53,26,118.8,54,11.56,7.92
CHE,Switzerland,CH,1949940,783282.19,0.222674852,0.20587958,84,3.7,5,2.5,99.9,100,,89.44,13.4,93.71,11.05,0.08,49.95,0.35579782,0.04,0.15,4,2,1.14,1.17,3.75,1.54,0.96,,0.23,0,1.1,1.56,1.93,1.21,2.06,1.99,57625,95798.38,43.33,133.22,32896.82,47,182.3,42.48,10.86,
SYR,Syria,SY,19661319,191352.56,1.011160649,1.056209592,71,14,68,,95.7,90.1,86.4,53.06,5.1,31.87,0.81,,69.26,0.733171619,0,0.83,4,3,2.23,2.25,84.17,0,0.21,,0.71,9905.23,33.47,-1.97,-2.09,-2.63,-1.79,-1.56,2337,981.59,14.92,85.66,12.42,15,23,12.2,0.7,0.25
TJK,Tajikistan,TJ,10221324,26628.65,1.161599725,1.154425622,71,29.4,32,,95,73.8,99.8,70.04,10.4,20.47,-25.18,7.54,63.18,0.618320611,0.1,0.38,3,3,2.19,2.52,51.07,0.49,0.41,8.49,6.04,0,0.08,-1.72,-1.35,-0.67,-1.12,-1.33,3317,144.82,5.36,107.61,19.95,48,52.8,17.14,10.88,
TZA,Tanzania,TZ,29620154,34220.79,0.58582184,0.60191436,66,38.3,398,32,15.6,55.6,77.89,51.53,5.8,13,-3.15,4.77,92.37,0.27992087,0.01,0.09,2,0,3.1,5.38,5.39,-3.88,0.4,89.2,2.45,0.37,0.54,-0.29,-0.45,-0.58,-0.63,-0.48,2655,75.59,0.22,69.72,21.65,7,4.2,0.22,16.98,2.77
THA,Thailand,TH,108609034,2190550.82,1.565728207,1.442395307,76,8.2,20,9,93,97.8,92.87,90.86,7.6,52.89,14.56,1.79,40.24,0.906323185,0.04,0.22,1,1,0.35,1.94,13.07,0.92,0.19,111.15,4.06,7.56,0.06,-1.05,0.04,-0.76,0.38,-0.39,15516,2933.74,4.22,176.03,579.73,21,22.9,8.1,13.15,1.83
BHS,The Bahamas,BS,960437,120834.55,2.486716361,2.501702279,76,5.8,80,,92,98.4,,70.01,11.1,80,-8.15,1.57,41.74,0.749216301,0.06,0.15,,,1.22,1.31,,0,0.18,581.17,82.65,0,0.16,0.85,0.19,1,0.58,1.17,26681,2560.97,28.8,89.42,1456.9,29,39.8,19.37,13.19,0.2
GMB,The Gambia,GM,1733018,2237.34,0.831159376,0.872106982,61,41.4,706,9.6,58.9,90.2,55.5,55.38,3.5,18.5,-19.17,5.51,91.09,0.796039604,0.05,0.24,0,0,3.06,4.25,1.13,1.67,0.45,,0,0,2.13,-0.65,-0.45,-0.21,-0.65,-0.66,1515.62,80.92,1.86,139.23,50.46,11,16.2,1.07,3.95,0
TLS,Timor-Leste,TL,2675222,28808.03,2.185437129,2.089979424,69,40.8,215,27.2,40.6,71.9,67.5,76.25,4.5,25.25,-34.71,3.1,89.26,0.343762698,0.08,0.52,0,0,2.28,3.5,14.27,-7.55,0.69,15.42,0,0,0,0.34,-1.17,0.03,-1,-0.54,6846.39,419.99,0.18,119.31,11.57,59,13,7.2,8.65,1.33
TGO,Togo,TG,2822892,5433.55,0.380066263,0.356509236,61,49.2,368,16.2,11.6,63.1,63.75,75.29,4.8,12.36,-19.03,1.83,79.92,0.649052841,0.27,0.04,2,0,2.56,3.88,1.15,-34.49,0.21,,0,0,0.31,-0.62,-0.71,-0.74,-1.13,-0.71,1453.43,,0.46,79.77,4.49,7,2.7,0.49,16.74,0
TKL,Tokelau,TK,,,,,,,,,,,,80.54,,,,,,,0.02,,,,,,,,,,,0,,,,,,,,,,,,,,,7.74,0
TON,Tonga,TO,187737,2260.05,2.039422513,2.566880431,73,13.7,124,,91,99.6,99.4,88.1,11.2,39.95,-46.81,1.66,71.38,0.923740718,0.06,0.39,,,0.58,0.35,,,0.26,713.53,9.17,0,0.13,0.6,0.31,0.79,-0.22,-0.16,5547,1837.83,10.27,74.68,194.41,26,38.8,5.22,15.26,1.5
TTO,Trinidad & Tobago,TT,2755226,142955.95,2.230923324,2.241586555,71,23.1,63,4.9,91.5,95.1,99,67.3,10.9,73.3,,5.91,44.25,0.389042176,0.07,0.31,0,0,0.41,0.23,8.76,3.57,0.5,1.73,0,0,0.06,0.55,-0.11,0.29,0.26,-0.36,28622,6494.95,18.8,148.32,293.62,30,32.8,26.7,16.83,0.06
TUN,Tunisia,TN,2909834,45698.2,0.257218916,0.241465186,76,11.2,62,4.9,91.6,97.7,81.8,82.52,7.2,55.5,-12.29,4.42,47.08,0.381422925,0.11,0.66,0,1,1.15,1.57,69.71,5.15,0.12,9.31,1.12,45.98,0.04,0.18,0.07,-1.05,-0.07,-0.11,10275,538.19,9.65,124.3,212.45,23,26.4,12.72,3.02,0.8
TUR,Turkey,TR,74890067,901256.34,0.93947146,0.402695892,76,10,16,2.5,94.9,100,96.17,102.81,8,64.68,-4.49,6.8,49.5,0.712315271,0.02,0.55,4,2,1.59,2.32,19.83,4.57,0.37,7.14,0.5,37.69,1.34,-0.71,-0.25,-1.8,0.07,-0.19,24803.99,1333.3,14.01,96.35,3366.68,27,26.2,17.49,0.22,0.08
TKM,Turkmenistan,TM,3370113,26078.99,0.602080206,0.652877456,68,40.6,42,5.5,62.7,60.4,99.7,61.23,9.8,17.99,28.86,6.09,54.29,0.491725768,0.04,0.32,4,4,1.78,2.57,112.5,0,0.09,,0,0,0.03,-2.16,-1.49,-0.15,-1.21,-1.48,15594,338.77,11.74,151.43,4.52,74,47.7,22.91,3.21,
TCA,Turks & Caicos Is.,TC,,,,,,,,,81.4,87.1,,,,,,,,,,,,,1.78,2.15,,0,,,,0,0.04,,,,,,,,11.65,100.23,789.93,,,,15.11,0.1
TUV,Tuvalu,TV,10,0.12,0.001597699,0.001572887,69,21,,,83.3,97.7,,69.72,,46.01,,3.02,,,0.25,,,,0.85,2.45,,,0,,,0,0.03,1.08,0.56,1.27,-0.74,0.06,5888,,18.02,68.49,,55.61,58.2,9.17,2.55,0.01
UGA,Uganda,UG,13451940,16153.13,0.578132915,0.543593596,60,35.4,343,41.4,19.1,79,78.4,62.84,6.1,21.88,-7.39,4.85,99.52,0.317548747,0.18,0.11,0,2,3.32,5.87,1.06,-24.56,0.63,1.06,1.97,6.12,0.07,-0.59,-0.3,-0.56,-0.58,-1.04,1657.98,72.46,0.61,58.21,19.6,5,6.5,0.93,16.23,
UKR,Ukraine,UA,12449203,151851.73,0.281831277,0.22909674,72,7.5,24,3.3,95.9,96.2,99.8,94.75,11.3,53,-6.32,14.09,46.96,0.771247908,0.02,0.25,1,1,0.34,0.2,8.47,1.14,0.05,,1.75,134.08,1.82,0.01,-0.71,-1.89,-0.46,-0.78,8130.4,419.6,17.22,133.49,3948.26,88,70.4,30,4.14,3.38
ARE,United Arab Emirates,AE,2246861,322439.12,0.274760028,0.2705974,77,7.8,6,2.5,97.6,99.6,93.8,65.28,10.8,94.82,27.96,2.38,17.7,0.184782609,0.06,0.56,0,0,1.09,1.44,1867,1.67,1.39,,0,0,0.01,-1.1,0.8,0.63,1.4,1.13,67804.56,10146.4,24.69,210.91,1297,12,30.6,23.94,16.7,12.36
GBR,United Kingdom,GB,6657419,644975.59,0.101131971,0.078115058,82,3.7,9,2.5,99.2,100,,107.7,12.9,94.78,-1.4,1.46,56.81,0.368337939,0.11,0.17,3,3,0.72,1.03,5.45,2.78,0.73,12.11,0.12,0,0.18,1.33,1.68,0.26,1.41,1.84,39116,2284.95,50.08,119.63,21207.63,28,84.2,28.06,17,6.65
USA,United States,US,229847487,32814736.59,0.708716007,0.562995136,80,5.7,14,2.5,100,99.2,,98.19,13.4,76.18,-2.8,1.62,52.27,0.615841584,0.01,0.18,1,1,0.73,0.96,13.64,0.45,0.23,167.86,4.14,1.41,0.09,1.05,1.64,0.3,1.55,1.38,54941,1385.5,36.95,122.01,30282.42,29,98.8,25.95,9.62,9.98
URY,Uruguay,UY,296915,9600.85,0.085010042,0.081039769,78,7,15,2.5,96.4,99.7,98.62,93.12,8.7,66.4,3.13,7.62,55.56,0.609208744,0.14,0.25,0,0,0.35,0.46,2.13,6.57,0.63,92.39,2.31,0,0.01,1.17,0.59,1.06,0.42,1.29,19930.41,4616.86,32.89,147.47,1097.27,28,55.5,50.5,3.63,0.32
UZB,Uzbekistan,UZ,29387337,187466.71,0.918541611,1.092351424,71,20,36,7.4,100,87.3,99.99,68.54,11.5,46.79,-1.02,9.63,48.05,0.680957129,0.01,0.31,3,3,1.68,1.49,100.6,-1.7,0.33,,0,0,0.02,-1.8,-1.11,-0.28,-0.56,-1.16,6470.08,51.1,10.79,76.04,202.18,40,125,24.51,3.37,
VUT,Vanuatu,VU,539589,6024.57,2.553877923,3.130567206,72,22.6,78,7.1,57.9,94.5,85.2,63.51,6.8,24,-0.84,2.27,67.48,1,0.06,0.23,,,2.2,2.6,,0,0.58,5286.33,81.53,0,0.01,0.69,0.49,0.71,-0.9,0.01,2995,1430.26,1.27,82.54,184.62,18,22.2,1.71,4.11,0.01
VAT,Vatican City,VA,34561,6871.15,1,1,,,,,,,,,,,,,,,,,,,,,,,,,,0,,,,,,,,,,,,,,,,
VEN,Venezuela,VE,54584870,2177446.02,1.798110617,1.822582525,75,25.7,95,11.7,94.4,93.1,97.13,87.68,10.3,60,-14.7,79.01,52,0.558296856,0.08,0.35,3,3,1.35,1.36,1.71,-1.73,0.55,,0.06,0,0.88,-1.21,-2.26,-1.18,-1.4,-1.36,10672,306.28,18.54,76.6,269.76,8,11.2,19.25,16.99,2.13
VNM,Vietnam,VN,90554752,485131.33,0.951938281,0.925345791,77,16.7,54,10.8,78,97.6,94.5,63.13,8.2,46.5,2.8,3.38,43.29,0.471391804,0.1,0.12,2,4,1.09,3.16,9.26,4.57,0.48,527.29,6.75,0,0.36,-1.4,0.07,0.31,0,-0.58,5858.9,513.66,4.74,125.62,1335.39,26,14.3,8.21,13.04,2.48
VIR,Virgin Is.,VI,97739,4948.01,1,1,79,,,,96.4,100,,,,59.61,-0.56,,63.22,,,0.12,,,0.17,0.03,,-3.08,1.4,,66.72,0,,0.78,0.63,1.01,0.84,0.64,,,72.4,74.49,1053.44,186.8,,16.45,14.84,0.86
,Wake I.,,,,,,,,,,,,,,,,,,,,,,,,,,,,,,,,,,,,,,,,,,,,,,,
WLF,Wallis & Futuna,WF,,,,,,,,,,,,,,,,,,,,,,,,,,,0.13,,,0,0.01,,,,,,,,,,,,,,0.19,0
ESH,Western Sahara,EH,8935,55.83,0.015532917,0.016482764,,,,,,,,,,,,,,,,,,,,,,,0,,0,0,21.46,,,,,,,,,,,,,,,
YEM,Yemen,YE,21995213,73744.85,0.78112523,0.767013603,65,43.2,385,34.4,53.3,54.9,70.1,54.73,3,24.58,-26.38,7.28,74.95,1,0.27,0.91,0,0,2.52,4.29,168.6,0,0.13,64.14,5.71,485.17,8.04,-1.69,-1.75,-2.96,-1.92,-1.59,1239,208.95,4.23,59.57,3.33,7,7.6,3.11,0.77,4.28
ZMB,Zambia,ZM,11720469,42997.06,0.74807506,0.740824037,62,41.5,224,44.5,43.9,65.4,63.4,51.41,7,25.51,-1.15,6.53,89.61,0.642715363,0.41,0.12,0,1,3.02,4.28,1.5,-1.68,0.09,,0,0,0.24,-0.34,-0.33,0.11,-0.62,-0.54,3557,121.8,0.59,78.61,41.77,20,8.9,0.91,17,
ZWE,Zimbabwe,ZW,9521024,16325.45,0.629624898,0.649062435,62,36.5,443,46.6,36.8,76.9,86.5,58.89,8.2,23.12,-13.27,0.15,78.66,0.364398518,0.02,0.12,4,4,2.33,1.96,17.85,-10,0.2,104.09,18.09,0,0.28,-1.2,-1.38,-0.77,-1.19,-1.27,1682.84,25.21,1.6,85.25,26.32,17,11.7,0.77,16.96,