country_name,iso_code,hasc,raw_mhe_pop_scaled,raw_mhe_cap_scaled,raw_mhe_index,relative_mhe_pop_scaled,relative_mhe_cap_scaled,relative_mhe_index,mhe_index,life_expectancy_scale,infant_mortality_scale,maternal_mortality_scale,prevalence_undernourished_scale,vulnerable_health_status_index,pop_wout_improved_sanitation_scale,pop_wout_improved_water_scale,clean_water_access_vulnerability_index,adult_illiteracy_scale,gross_enrollment_scale,years_of_schooling_scale,pop_wout_internet_scale,info_access_vulnerability_index,export_minus_import_percent_scale,average_inflation_scale,economic_dependency_scale,economic_constraints_index,female_govt_seats_scale,female_male_secondary_enrollment_scale,female_male_labor_ratio_scale,gender_inequality_index,max_political_discrimination_scale,max_economic_discrimination_scale,ethnic_discrimination_index,marginalization_index,population_change_scale,urban_population_change_scale,population_pressures_index,freshwater_withdrawals_scale,forest_area_change_scale,ruminant_density_scale,environmental_stress_index,recent_disaster_losses_scale,recent_disaster_deaths_scale,recent_disaster_impacts_index,recent_conflict_deaths_scale,displaced_populations_scale,conflict_impacts_index,vulnerability_index,voice_and_accountability_scale,rule_of_law_scale,political_stability_scale,govt_effectiveness_scale,control_of_corruption_scale,governance_index,gni_per_capita_scale,reserves_per_capita_scale,economic_capacity_index,fixed_phone_access_scale,mobile_phone_access_scale,internet_server_access_scale,communications_capacity_index,port_rnwy_density_scale,road_rr_density_scale,transportation_index,hospital_bed_density_scale,nurses_midwives_scale,physicians_scale,health_care_capacity_index,infrastructure_capacity_index,biome_protection_scale,marine_protected_area_scale,environmental_capacity_index,coping_capacity_index,resilience_index,mhr_index
Afghanistan,AFG,AF,0.74,0.5,0.62,0.45,0.41,0.43,0.53,0.46,0.78,0.8,0.84,0.72,0.7,0.88,0.79,1,0.51,0.75,0.89,0.79,0.84,0.7,0.66,0.73,0.4,0.79,0.86,0.68,0.5,0.5,0.5,0.59,0.72,0.71,0.72,0.58,0.51,0.14,0.41,0.17,0.57,0.37,0.95,0.7,0.83,0.66,0.32,0.22,0.04,0.23,0.08,0.18,0.37,0.57,0.47,0.06,0.36,0.46,0.29,0.02,0.35,0.19,0.33,0.24,0.32,0.3,0.26,0.02,,0.02,0.25,0.3,0.61
Albania,ALB,AL,0.6,0.44,0.52,0.53,0.32,0.43,0.48,0.15,0.36,0.37,0.27,0.29,0.07,0.35,0.21,0.3,0.32,0.3,0.32,0.31,0.59,0.61,0.27,0.49,0.41,0.13,0.3,0.28,0.25,0.75,0.5,0.39,0.09,0.43,0.26,0.28,0.52,0.41,0.4,0.25,0.23,0.24,0,0.24,0.12,0.3,0.61,0.47,0.68,0.52,0.33,0.52,0.69,0.75,0.72,0.51,0.64,0.73,0.63,0.26,0.66,0.46,0.68,0.7,0.62,0.67,0.59,0.14,0.21,0.18,0.55,0.63,0.42
Algeria,DZA,DZ,0.76,0.68,0.72,0.44,0.39,0.42,0.57,0.2,0.57,0.63,0.21,0.4,0.13,0.62,0.38,0.74,0.37,0.44,0.56,0.53,0.56,0.67,0.38,0.54,0.45,0.09,0.85,0.46,0.5,0.5,0.5,0.48,0.56,0.61,0.59,0.71,0.46,0.11,0.43,,0.05,0.05,0.49,0.07,0.28,0.41,0.34,0.37,0.41,0.38,0.29,0.36,0.71,0.83,0.77,0.48,0.65,0.5,0.54,0.17,0.55,0.36,0.6,0.56,0.71,0.62,0.51,0.43,0.01,0.22,0.47,0.53,0.52
American Samoa,ASM,AS,,,,,,,,,,,,,0.39,0,0.2,,,,,,0.71,,,,,,,,,,,,0.07,0.04,0.06,,0.53,0.01,,,0,0,0,0,0,,0.81,0.84,0.85,0.62,0.85,0.79,,,,0.66,0.02,0.83,0.5,1,,,,,0.52,,,0.27,0.79,0.53,,,
Andorra,AND,AD,0.25,0.28,0.27,0.16,0.16,0.16,0.22,0.08,0.16,,,,0,0,0,0,,0.28,0,0.09,,,,,,,,,,,,,0.46,0.41,0.44,,0.51,,,,0,0,0,0,0,,0.84,0.89,0.89,0.9,0.72,0.85,0.93,,0.93,0.89,0.56,0.98,0.81,0,,,0.65,0.73,0.88,0.75,,1,,1,,,
Angola,AGO,AO,0.62,0.47,0.55,0.14,0.12,0.13,0.34,0.51,0.79,0.83,0.76,0.72,0.5,0.92,0.71,0.82,0.56,0.65,0.87,0.73,0.43,0.76,0.78,0.66,0.22,0.7,0.07,0.33,1,0.75,0.88,0.61,0.78,0.78,0.78,0.06,0.53,0.05,0.21,0.02,0.31,0.17,0.08,0.06,0.07,0.52,0.29,0.32,0.54,0.29,0.11,0.31,0.57,0.67,0.62,0.1,0.24,0.3,0.21,0.03,0.24,0.14,0.42,0.5,0.26,0.39,0.25,0.34,0,0.17,0.34,0.41,0.45
Anguilla,AIA,AI,0.22,0.2,0.21,0.47,0.42,0.45,0.33,,,,,,,,,,,,,,,,,,,,,,,,,,,,,,,,,,0.86,0.86,0,0,0,,0.81,0.53,0.88,0.67,0.72,0.72,,,,,,,,1,,,,,,,,0.3,0.02,0.16,,,
Antarctica,ATA,AQ,,,,,,,,,,,,,,,,,,,,,,,,,,,,,,,,,,,,,,,,,,,0,,,,,,,,,,,,,,,,,,,,,,,,,,,,,,
Antigua & Barbuda,ATG,AG,0.4,0.4,0.4,0.74,0.67,0.71,0.56,0.19,0.27,,,,0.09,0.2,0.15,0.17,0.42,0.36,0.26,0.3,0.5,0.56,0.27,0.44,0.78,0.04,,0.41,,,,,0.38,0.16,0.27,0.38,,0.54,0.46,0.92,0.36,0.64,0,0.05,0.03,,0.71,0.65,0.76,0.51,0.49,0.62,0.78,0.85,0.82,0.71,0.96,0.81,0.83,1,0.94,0.65,0.74,0.65,0.81,0.73,0.74,0.99,0.05,0.52,0.69,,
Argentina,ARG,AR,0.73,0.67,0.7,0.29,0.26,0.28,0.49,0.19,0.39,0.47,0.14,0.3,0.04,0.1,0.07,0.15,0.15,0.3,0.28,0.22,0.47,0.9,0.39,0.59,0.2,0.09,0.38,0.22,0.75,0.75,0.75,0.49,0.37,0.35,0.36,0.28,0.64,0.23,0.38,0.53,0.11,0.32,0,0,0,0.3,0.69,0.5,0.64,0.54,0.37,0.55,0.76,0.75,0.76,0.7,0.75,0.89,0.78,0.12,0.47,0.3,0.79,0.72,0.9,0.8,0.63,0.43,0.32,0.38,0.6,0.65,0.41
Armenia,ARM,AM,0.61,0.46,0.54,0.57,0.54,0.56,0.55,0.23,0.44,0.35,0.18,0.3,0.11,0,0.06,0.06,0.35,0.17,0.34,0.23,0.56,0.69,0.28,0.51,0.64,0.11,0.3,0.35,0,0,0,0.18,0.15,0.12,0.14,0.62,0.5,0.27,0.46,,0,0,0.65,0.3,0.48,0.26,0.43,0.52,0.46,0.48,0.3,0.44,0.64,0.7,0.67,0.65,0.64,0.68,0.66,0.16,0.54,0.35,0.76,0.77,0.81,0.78,0.6,1,,1,0.59,0.67,0.43
Aruba,ABW,AW,0.36,0.37,0.37,0.49,0.44,0.47,0.42,0.21,,,,,0.02,0.19,0.11,0.3,0.31,,0.05,0.22,0.59,0.23,0.28,0.37,,0.04,,,,,,,0.22,0.23,0.23,,,0,,,0,0,0,0,0,,0.88,0.84,0.87,0.69,0.73,0.8,,0.96,0.96,0.8,0.72,0.83,0.78,1,,,,,0.6,,,0.02,,,,,
Australia,AUS,AU,0.7,0.76,0.73,0.33,0.53,0.43,0.58,0.05,0.14,0.11,0,0.08,0,0,0,,-0.14,0.09,0.12,0.02,0.44,0.61,0.35,0.47,0.4,0.27,0.18,0.28,0.25,0.25,0.25,0.27,0.5,0.45,0.48,0.27,0.48,0.08,0.28,0.53,0.32,0.43,0,0.06,0.03,0.23,0.9,0.91,0.78,0.82,0.85,0.85,0.91,0.83,0.87,0.81,0.6,1,0.8,0.58,0.83,0.71,0.74,0.95,0.87,0.85,0.79,0.79,1,0.9,0.84,0.81,0.33
Austria,AUT,AT,0.61,0.69,0.65,0.25,0.27,0.26,0.46,0.08,0.13,0.05,0,0.07,0,0,0,,0.21,0.14,0.1,0.15,0.42,0.55,0.33,0.43,0.37,0.09,0.19,0.22,0,0,0,0.11,0.33,0.36,0.35,0.29,0.5,0.52,0.44,0,0.07,0.04,0,0.28,0.14,0.19,0.89,0.94,0.81,0.8,0.78,0.84,0.92,0.82,0.87,0.85,0.92,1,0.92,0.2,0.82,0.51,0.88,0.86,0.96,0.9,0.78,1,,1,0.84,0.83,0.28
Azerbaijan,AZE,AZ,0.69,0.6,0.65,0.55,0.48,0.52,0.59,0.29,0.57,0.35,0,0.3,0.11,0.56,0.34,0.05,0.42,0.25,0.2,0.23,0.39,0.7,0.24,0.44,0.65,0.02,0.1,0.26,0,0,0,0.13,0.41,0.45,0.43,0.6,0.18,0.42,0.4,,0,0,0.56,0.5,0.53,0.31,0.18,0.44,0.45,0.47,0.23,0.35,0.74,0.69,0.72,0.65,0.55,0.67,0.62,0.09,0.65,0.37,0.78,0.82,0.86,0.82,0.6,0.51,,0.51,0.52,0.61,0.48
Bahrain,BHR,BH,0.41,0.42,0.42,0.08,0.08,0.08,0.25,0.18,0.31,0.26,,0.25,0.01,0,0.01,0.4,0.28,0.34,0.02,0.26,0.37,0.58,0.12,0.36,0.79,0.02,0.54,0.45,0.25,0.75,0.5,0.48,0.7,0.61,0.66,0.9,,0.91,0.91,,0,0,0,0.02,0.01,0.33,0.22,0.65,0.41,0.54,0.4,0.44,0.9,0.79,0.85,0.68,0.85,0.71,0.75,1,1,1,0.61,0.61,0.56,0.59,0.78,0.17,0.59,0.38,0.62,0.65,0.3
Baker I.,,,,,,,,,,,,,,,,,,,,,,,,,,,,,,,,,,,,,,,,,,,,,,0,,,,,,,,,,,,,,,,,,,,,,,,,,,,,
Bangladesh,BGD,BD,0.9,0.67,0.79,0.69,0.7,0.7,0.75,0.27,0.63,0.67,0.61,0.55,0.4,0.56,0.48,0.81,0.51,0.6,0.81,0.68,0.5,0.74,0.33,0.52,0.57,0.35,0.65,0.52,1,1,1,0.76,0.4,0.67,0.54,0.23,0.53,1,0.59,0.51,0.28,0.4,0.35,0.08,0.22,0.53,0.41,0.41,0.35,0.35,0.24,0.35,0.49,0.56,0.53,0.08,0.47,0.5,0.35,0.05,0.81,0.43,0.42,0.19,0.43,0.35,0.38,0.19,0.63,0.41,0.4,0.44,0.65
Barbados,BRB,BB,0.48,0.45,0.47,0.81,0.72,0.77,0.62,0.2,0.44,0.36,0.13,0.28,0.04,0.04,0.04,0.08,0.22,0.25,0.19,0.19,0.51,0.57,0.34,0.47,0.66,0.09,0.12,0.29,,,,,0.13,0.02,0.08,0.76,,0.48,0.62,,0.23,0.23,0,0.03,0.02,0.24,0.83,0.69,0.8,0.67,0.76,0.75,0.74,0.77,0.76,0.88,0.63,0.8,0.77,1,0.94,0.65,0.82,0.75,0.79,0.79,0.74,0.01,0,0.01,0.68,0.72,0.42
Belarus,BLR,BY,0.5,0.42,0.46,0.06,0.05,0.06,0.26,0.27,0.13,0.05,0,0.11,0.06,0.04,0.05,0.06,0.19,0.13,0.24,0.16,0.45,0.87,0.29,0.54,0.32,0.04,0.19,0.18,1,0.75,0.88,0.53,0.05,0.25,0.15,0.22,0.48,0.27,0.32,,0.27,0.27,0,0.03,0.02,0.24,0.23,0.38,0.61,0.43,0.37,0.4,0.74,0.7,0.72,0.88,0.65,0.93,0.82,0.03,0.62,0.33,0.95,0.93,0.9,0.93,0.69,0.58,,0.58,0.57,0.67,0.29
Belgium,BEL,BE,0.57,0.57,0.57,0.13,0.05,0.09,0.33,0.09,0.15,0.14,0,0.1,0.01,0,0.01,,0,0.17,0.11,0.09,0.44,0.47,0.38,0.43,0.22,0.25,0.21,0.23,0,0,0,0.12,0.19,0.18,0.19,0.59,0.5,1,0.7,,0.55,0.55,0.86,0.1,0.48,0.3,0.9,0.84,0.69,0.74,0.78,0.79,0.91,0.82,0.87,0.82,0.56,1,0.79,0.47,1,0.74,0.84,0.92,0.85,0.87,0.8,1,1,1,0.83,0.77,0.28
Belize,BLZ,BZ,0.48,0.38,0.43,0.7,0.61,0.66,0.55,0.32,0.46,0.37,0.32,0.37,0.1,0.06,0.08,0.83,0.41,0.26,0.55,0.51,0.53,0.56,0.37,0.49,0.8,0.11,0.37,0.43,,,,,0.6,0.54,0.57,0.06,0.55,0.4,0.34,,0,0,0,0.02,0.01,0.3,0.7,0.35,0.61,0.37,0.37,0.48,0.6,0.71,0.66,0.45,0.33,1,0.59,0.14,0.45,0.3,0.52,0.56,0.6,0.56,0.48,1,0.83,0.92,0.56,0.63,0.45
Benin,BEN,BJ,0.59,0.35,0.47,0.16,0.13,0.15,0.31,0.53,0.83,0.81,0.48,0.66,0.82,0.7,0.76,1,0.41,0.76,0.88,0.76,0.61,0.54,0.67,0.61,0.85,0.48,0.07,0.47,0,0,0,0.24,0.7,0.73,0.72,0.07,0.64,0.35,0.35,,0,0,0,0.01,0.01,0.46,0.65,0.42,0.61,0.37,0.3,0.47,0.39,,0.39,0.09,0.42,0.2,0.24,0.02,0.4,0.21,0.33,0.33,0.21,0.29,0.25,1,0,0.5,0.39,0.47,0.41
Bermuda,BMU,BM,,,,,,,,0.09,,,,,,,,,0.53,,0,,0.28,,,,,0.25,,,,,,,0.1,0.08,0.09,,,0.9,,,0,0,0,0,0,,0.81,0.74,0.81,0.79,0.72,0.77,0.99,,0.99,0.81,0.57,1,0.79,1,,,0.84,,0.7,,,0.31,0.01,0.16,,,
Bhutan,BTN,BT,0.51,0.39,0.45,0.49,0.45,0.47,0.46,0.32,0.62,0.64,,0.53,0.51,0,0.26,0.87,0.51,0.8,0.57,0.69,0.65,0.74,0.29,0.56,0.81,0.21,0.24,0.42,1,1,1,0.71,0.46,0.67,0.57,0.06,0.46,0.27,0.26,,0,0,0,0.24,0.12,0.41,0.56,0.69,0.83,0.62,0.79,0.7,0.62,0.77,0.7,0.29,0.49,0.57,0.45,0.03,0.55,0.29,0.59,0.51,0.36,0.49,0.41,1,,1,0.64,0.62,0.42
Bolivia,BOL,BO,0.67,0.5,0.59,0.45,0.42,0.44,0.52,0.35,0.64,0.69,0.7,0.6,0.51,0.5,0.51,0.52,0.34,0.38,0.6,0.46,0.51,0.71,0.45,0.56,0.02,0.07,0.34,0.14,0.75,0.5,0.63,0.39,0.49,0.51,0.5,0.05,0.57,0.18,0.27,0.64,0.41,0.53,0,0.01,0.01,0.43,0.55,0.3,0.54,0.42,0.28,0.42,0.59,0.72,0.66,0.49,0.53,0.57,0.53,0.02,0.41,0.22,0.49,0.43,0.68,0.53,0.43,0.97,,0.97,0.53,0.55,0.48
Bosnia & Herzegovina,BIH,BA,0.57,0.43,0.5,0.35,0.65,0.5,0.5,0.18,0.25,0.21,0,0.16,0.05,0.01,0.03,0.22,0.4,0.32,0.29,0.31,0.59,0.45,0.27,0.44,0.56,,0.44,0.5,0,0.5,0.25,0.38,0.31,0.03,0.17,0.1,0.51,0.17,0.26,0.68,0.33,0.51,0,0.45,0.23,0.28,0.51,0.51,0.52,0.41,0.31,0.45,0.69,0.79,0.74,0.7,0.53,0.88,0.7,0.06,0.6,0.33,0.72,0.79,0.72,0.74,0.59,0.06,,0.06,0.51,0.62,0.44
Botswana,BWA,BW,0.5,0.44,0.47,0.21,0.14,0.18,0.33,0.39,0.66,0.62,0.82,0.62,0.38,0.3,0.34,0.61,0.41,0.35,0.6,0.49,0.33,0.67,0.37,0.46,0.8,0.19,0.18,0.39,0.75,0.75,0.75,0.57,0.55,0.63,0.59,0.16,0.62,0.05,0.28,0.41,0,0.21,0,0.03,0.02,0.4,0.65,0.66,0.81,0.59,0.62,0.67,0.73,0.85,0.79,0.44,0.76,0.51,0.57,0.04,0.38,0.21,0.59,0.63,0.36,0.53,0.44,1,,1,0.66,0.63,0.35
Bouvet I.,BVT,BV,,,,,,,,,,,,,,,,,,,,,,,,,,,,,,,,,,,,,,,,,,,0,,,,,,,,,,,,,,,,,,,,,,,,,,,,,,
Brazil,BRA,BR,0.81,0.75,0.78,0.24,0.19,0.22,0.5,0.21,0.47,0.44,0,0.28,0.18,0.19,0.19,0.53,0.27,0.46,0.38,0.41,0.44,0.73,0.26,0.48,0.78,0.11,0.32,0.4,1,0.75,0.88,0.64,0.32,0.35,0.34,0.1,0.53,0.44,0.36,0.41,0.08,0.25,0.15,0,0.08,0.34,0.67,0.49,0.52,0.45,0.31,0.49,0.71,0.79,0.75,0.68,0.61,0.89,0.73,0.08,0.54,0.31,0.63,0.84,0.75,0.74,0.59,1,0.62,0.81,0.6,0.63,0.43
British Indian Ocean Territory,IOT,IO,,,,,,,,,,,,,,,,,,,,,,,,,,,,,,,,,,,,,,,,,,,0,,,,,,,,,,,,,,,,,,,,,,,,,,,,,,
British Virgin Is.,VGB,VG,0.27,0.31,0.29,0.47,0.43,0.45,0.37,,,,,,0.03,0.35,0.19,,0.35,,0.62,,,,,,,,,,,,,,0.54,0.58,0.56,,,0.37,,,0.87,0.87,0,0,0,,,,,,,,,,,0.79,1,1,0.93,1,,,,,,,,0.56,0.02,0.29,,,
Brunei,BRN,BN,0.44,0.41,0.43,0.39,0.36,0.38,0.41,0.17,0.39,0.33,0.01,0.23,,,,0.39,0.39,0.36,0.08,0.31,0.32,0.05,0.21,0.19,0.8,0.04,0.23,0.36,,,,,0.46,0.47,0.47,0.12,0.51,0.19,0.27,,0,0,0,0,0,,0.33,0.69,0.84,0.74,0.59,0.64,1,0.95,0.98,0.66,0.68,0.89,0.74,0.77,0.76,0.77,0.67,0.81,0.7,0.73,0.75,1,0.01,0.51,0.73,,
Bulgaria,BGR,BG,0.65,0.53,0.59,0.5,0.29,0.4,0.5,0.23,0.31,0.21,0.06,0.2,0.14,0.07,0.11,0.23,0.28,0.17,0.35,0.26,0.43,0.3,0.36,0.36,0.52,0.07,0.22,0.27,0.25,0.5,0.38,0.33,0.26,0.08,0.17,0.55,0.45,0.1,0.37,0.63,0.24,0.44,0,0.08,0.04,0.25,0.65,0.55,0.68,0.56,0.39,0.57,0.77,0.87,0.82,0.67,0.65,1,0.77,0.34,0.61,0.48,0.85,0.77,0.9,0.84,0.7,1,0.01,0.51,0.65,0.7,0.39
Burkina Faso,BFA,BF,0.61,0.34,0.48,0.13,0.11,0.12,0.3,0.53,0.78,0.79,0.72,0.71,0.82,0.64,0.73,1,0.64,0.91,0.86,0.85,0.5,0.53,0.72,0.58,0.77,0.07,0.25,0.36,0,0,0,0.18,0.72,0.82,0.77,0.33,0.64,0.47,0.48,0.41,0.13,0.27,0.44,0.07,0.26,0.54,0.58,0.47,0.41,0.38,0.41,0.45,0.35,,0.35,0.08,0.5,0.13,0.24,0.01,0.53,0.27,0.28,0.34,0.1,0.24,0.25,0.92,,0.92,0.42,0.44,0.41
Burundi,BDI,BI,0.68,0.32,0.5,0.49,0.44,0.47,0.49,0.6,0.74,0.9,,0.75,0.53,0.72,0.63,0.66,0.46,0.8,0.95,0.72,0.68,0.71,0.72,0.7,0.25,0.04,0.04,0.11,0.25,0.75,0.5,0.31,0.74,0.86,0.8,0.2,0.28,0.23,0.24,0.48,0.42,0.45,0.6,0.12,0.36,0.55,0.18,0.26,0.2,0.23,0.14,0.2,0.2,0.24,0.22,0.04,0.29,0.21,0.18,0.02,0.58,0.3,0.42,0.13,0.08,0.21,0.23,0.43,,0.43,0.24,0.35,0.56
Cabo Verde,CPV,CV,0,0,0,0,0,0,0,0.27,0.5,0.43,0.54,0.44,0.29,0.46,0.38,0.64,0.48,0.58,0.42,0.53,0.68,0.57,0.36,0.54,0.51,0.21,0.34,0.35,,,,,0.42,0.5,0.46,0.34,0.37,0.36,0.36,0.25,0.44,0.35,0,0.01,0.01,0.38,0.8,0.64,0.78,0.54,0.62,0.68,0.57,0.74,0.66,0.58,0.6,0.67,0.62,1,0.6,0.53,0.62,0.47,0.52,0.54,0.56,0.15,0,0.08,0.58,0.6,0
Cambodia,KHM,KH,0.72,0.48,0.6,0.58,0.53,0.56,0.58,0.35,0.62,0.65,0.68,0.58,0.59,0.72,0.66,0.73,0.57,0.67,0.65,0.66,0.48,0.61,0.38,0.49,0.59,0.31,0.1,0.33,1,1,1,0.67,0.5,0.67,0.59,0.06,0.67,0.36,0.36,0.08,0.2,0.14,0,0.03,0.02,0.46,0.28,0.33,0.64,0.37,0.13,0.35,0.47,0.69,0.58,0.14,0.62,0.49,0.42,0.04,0.5,0.27,0.42,0.42,0.2,0.35,0.35,1,0.01,0.51,0.41,0.48,0.55
Cameroon,CMR,CM,0.69,0.49,0.59,0.33,0.29,0.31,0.45,0.58,0.8,0.87,0.36,0.65,0.56,0.72,0.64,0.79,0.42,0.57,0.76,0.64,0.48,0.59,0.67,0.58,0.35,0.29,0.13,0.26,1,0.75,0.88,0.57,0.68,0.71,0.7,0.05,0.65,0.33,0.34,,0.04,0.04,0.86,0.44,0.65,0.53,0.31,0.34,0.38,0.34,0.16,0.31,0.47,0.51,0.49,0.31,0.44,0.27,0.34,0.02,0.25,0.14,0.52,0.3,0.14,0.32,0.27,0.62,0.52,0.57,0.36,0.42,0.51
Canada,CAN,CA,0.71,0.71,0.71,0.28,0.12,0.2,0.46,0.06,0.23,0.14,0,0.11,0,0.03,0.02,,0.24,0.06,0.07,0.12,0.47,0.58,0.32,0.46,0.45,0.02,0.14,0.2,0.25,0.25,0.25,0.23,0.39,0.35,0.37,0.14,0.51,0.18,0.28,0.41,0.17,0.29,0,0.08,0.04,0.21,0.92,0.94,0.83,0.88,0.87,0.89,0.91,0.82,0.87,0.84,0.46,1,0.77,0.79,0.91,0.85,0.67,0.9,0.8,0.79,0.8,0.57,0.2,0.39,0.81,0.8,0.3
Cayman Is.,CYM,KY,0.29,0.34,0.32,0.52,0.47,0.5,0.41,0.07,,,,,0.05,0.23,0.14,0.18,,,0.2,,,,,,,,,,,,,,0.45,0.39,0.42,,0.51,0.45,,,0,0,0,0.02,0.01,,0.68,0.72,0.84,0.75,0.55,0.71,,,,0.91,0.84,1,0.92,1,,,0.69,,0.73,,,0.47,0.02,0.25,,,
Central African Republic,CAF,CF,0.55,0.25,0.4,0.22,0.19,0.21,0.31,0.71,0.9,0.93,1,0.89,0.8,0.79,0.8,1,0.74,0.71,0.96,0.85,0.63,0.74,0.7,0.69,0.82,0.65,0.23,0.57,0,0,0,0.29,0.29,0.42,0.36,0.01,0.52,0.47,0.33,,0.03,0.03,0.98,0.89,0.94,0.58,0.29,0.19,0.21,0.14,0.16,0.2,0.19,0.46,0.33,0.01,0.15,0.04,0.07,0.01,0.21,0.11,0.47,0.18,0.1,0.25,0.14,1,,1,0.29,0.36,0.45
Chad,TCD,TD,0.63,0.39,0.51,0.22,0.19,0.21,0.36,0.7,0.86,0.93,0.93,0.86,0.9,0.91,0.91,1,0.66,0.86,0.95,0.87,0.5,0.63,0.8,0.64,0.73,0.96,0.19,0.63,0.75,0,0.38,0.51,0.76,0.71,0.74,0.18,0.79,0.11,0.36,,0,0,0.85,0.15,0.5,0.6,0.23,0.28,0.33,0.21,0.1,0.23,0.36,0.04,0.2,0.02,0.21,0.06,0.1,0.01,0.23,0.12,0.29,0.22,0.08,0.2,0.14,0.68,,0.68,0.24,0.32,0.49
Chile,CHL,CL,0.76,0.73,0.75,0.74,0.69,0.72,0.74,0.12,0.31,0.33,0.09,0.21,0.01,0.11,0.06,0.34,0.21,0.28,0.16,0.25,0.43,0.65,0.29,0.46,0.67,0.02,0.35,0.35,0.5,0.5,0.5,0.43,0.32,0.29,0.31,0.26,0.28,0.2,0.25,0.61,0.43,0.52,0,0,0,0.28,0.81,0.77,0.68,0.68,0.67,0.72,0.79,0.81,0.8,0.66,0.68,1,0.78,0.24,0.52,0.38,0.63,0.11,0.59,0.44,0.53,0.61,0.62,0.62,0.67,0.7,0.47
China,CHN,CN,1,0.93,0.97,0.45,0.43,0.44,0.71,0.2,0.36,0.36,0.42,0.34,0.24,0.33,0.29,0.37,0.35,0.46,0.45,0.41,0.43,0.58,0.22,0.41,0.48,0.04,0.21,0.24,1,1,1,0.62,0.22,0.6,0.41,0.52,0.41,0.18,0.37,0.57,0.22,0.4,0,0.02,0.01,0.36,0.2,0.5,0.55,0.59,0.37,0.44,0.73,0.82,0.78,0.61,0.56,0.64,0.6,0.02,0.64,0.33,0.76,0.6,0.71,0.69,0.54,0.68,0.17,0.43,0.54,0.59,0.54
"China, Hong Kong Special Admin Region",HKG,HK,0.69,0.69,0.69,0.67,0.72,0.7,0.7,0.03,,,0,,,,,,0.25,0.15,0.09,0.16,0.44,0.66,0.21,0.44,,0.09,0.23,0.16,0,0,0,0.08,0.27,0.23,0.25,,,0.23,,0.38,0,0.19,0,0,0,,0.67,0.92,0.77,0.89,0.8,0.81,0.96,,0.96,0.92,1,1,0.97,1,0.86,0.93,,,0.64,,,1,,,,,
Christmas I.,CXR,CX,,,,,,,,,,,,,,,,,,,,,,,,,,,,,,,,,,,,,,,,,,,0,,,,,,,,,,,,,,,,,1,,,,,,,,,,,,,
Cocos Is.,CCK,CC,,,,,,,,,,,,,,,,,,,,,,,,,,,,,,,,,,,,,,,,,,,0,,,,,,,,,,,,,,,,,1,,,,,,,,,,,,,
Colombia,COL,CO,0.78,0.69,0.74,0.55,0.5,0.53,0.64,0.23,0.47,0.5,0.32,0.38,0.19,0.47,0.33,0.45,0.27,0.42,0.37,0.38,0.5,0.65,0.28,0.48,0.61,0.13,0.32,0.35,0.75,0.75,0.75,0.55,0.34,0.39,0.37,0.07,0.51,0.3,0.29,0.19,0.4,0.3,0.42,0.84,0.63,0.41,0.59,0.48,0.44,0.49,0.35,0.47,0.7,0.72,0.71,0.61,0.68,0.74,0.68,0.12,0.48,0.3,0.55,0.44,0.74,0.58,0.52,0.91,0.69,0.8,0.57,0.58,0.52
Comoros,COM,KM,0.46,0.21,0.34,0.3,0.26,0.28,0.31,0.47,0.78,0.77,,0.67,0.66,0.5,0.58,0.76,0.52,0.67,0.92,0.72,0.69,0.62,0.57,0.63,0.87,0.13,0.31,0.44,0,0,0,0.22,0.64,0.61,0.63,0.1,0.64,0.27,0.34,,0,0,0,0.03,0.02,0.42,0.49,0.33,0.61,0.18,0.27,0.38,0.32,0.56,0.44,0.26,0.29,0.21,0.25,1,0.65,0.55,0.63,0.42,0.23,0.43,0.41,0.6,0.01,0.31,0.39,0.49,0.4
Congo,COG,CG,0.53,0.42,0.48,0.16,0.12,0.14,0.31,0.44,0.69,0.82,0.91,0.72,0.87,0.71,0.79,0.75,0.54,0.57,0.92,0.7,0.26,0.62,0.66,0.51,0.76,0.27,0.07,0.37,0.75,0.5,0.63,0.5,0.67,0.66,0.67,0,0.52,0.02,0.18,,0,0,0.45,0.36,0.41,0.5,0.29,0.32,0.49,0.26,0.12,0.3,0.56,0.45,0.51,0.06,0.52,0.21,0.26,0.05,0.36,0.21,0.56,0.39,0.17,0.37,0.28,1,0.48,0.74,0.38,0.44,0.42
"Congo, DRC",COD,CD,0.78,0.43,0.61,0.3,0.26,0.28,0.45,0.55,0.85,0.89,,0.76,0.73,0.9,0.82,0.77,0.55,0.53,0.94,0.7,0.48,0.63,0.79,0.63,0.81,0.68,0.03,0.51,0.75,0.75,0.75,0.63,0.77,0.78,0.78,0.01,0.53,0.04,0.19,0.2,0.32,0.26,0.77,0.51,0.64,0.6,0.21,0.2,0.14,0.17,0.1,0.16,0.23,0.24,0.24,0,0.23,0.15,0.13,0.01,0.27,0.14,0.42,0.42,0.14,0.33,0.2,0.7,,0.7,0.24,0.32,0.55
Cook Is.,COK,CK,,,,,,,,,,,,,,,,,0.31,,,,,,,,,0.13,,,,,,,,,,,,0.1,,,,,0,0,0,,0.45,0.36,0.87,0.3,0.38,0.47,,,,,,,,1,,,0.84,,0.65,,,0.07,0,0.04,,,
Costa Rica,CRI,CR,0.7,0.63,0.67,0.91,0.83,0.87,0.77,0.12,0.36,0.35,0.19,0.26,0.06,0.21,0.14,0.28,0.22,0.38,0.27,0.29,0.44,0.68,0.28,0.47,0.26,0.11,0.43,0.27,0.25,0.25,0.25,0.26,0.38,0.54,0.46,0.19,0.36,0.44,0.33,0.44,0.27,0.36,0,0.03,0.02,0.29,0.83,0.65,0.7,0.55,0.54,0.65,0.72,0.77,0.75,0.65,0.97,0.85,0.82,0.32,0.7,0.51,0.5,0.38,0.61,0.5,0.61,0.94,0.19,0.57,0.65,0.68,0.5
Cote d'Ivoire,CIV,CI,0.65,0.42,0.54,0.2,0.19,0.2,0.37,0.68,0.83,0.88,0.71,0.78,0.8,0.64,0.72,0.98,0.6,0.64,0.55,0.69,0.36,0.54,0.65,0.52,0.78,0.49,0.3,0.52,0,0,0,0.26,0.66,0.67,0.67,0.17,0.51,0.06,0.25,,0.27,0.27,0.21,0.26,0.24,0.49,0.5,0.42,0.38,0.35,0.31,0.39,0.48,,0.48,0.18,0.7,0.27,0.38,0.03,0.48,0.26,0.28,0.29,0.28,0.28,0.31,1,0.05,0.53,0.4,0.46,0.45
Croatia,HRV,HR,0.61,0.51,0.56,0.48,0.21,0.35,0.46,0.17,0.2,0.16,0,0.13,0.03,0.05,0.04,0.13,0.3,0.2,0.32,0.24,0.43,0.44,0.35,0.41,0.63,0.11,0.23,0.32,0.75,0.75,0.75,0.54,0.27,0.1,0.19,0.08,0.5,0.21,0.26,0.42,0.08,0.25,0,0.16,0.08,0.24,0.69,0.62,0.75,0.62,0.47,0.63,0.8,0.89,0.85,0.8,0.55,1,0.78,0.48,0.66,0.57,0.81,0.81,0.83,0.82,0.72,1,0.8,0.9,0.73,0.75,0.34
Cuba,CUB,CU,0.73,0.62,0.68,0.74,0.66,0.7,0.69,0.12,0.21,0.42,0,0.19,0.07,0.35,0.21,0.04,0.36,0.17,0.56,0.28,0.42,,0.27,,-0.02,0.07,0.42,0.16,0,0,0,0.08,0.09,0.09,0.09,0.5,0.28,0.37,0.38,0.93,0.16,0.55,0,0.05,0.03,0.23,0.18,0.46,0.74,0.46,0.49,0.47,0.61,,0.61,0.57,0.22,0.27,0.35,0.43,,,0.8,0.85,1,0.88,,0.57,0.45,0.51,,,
Cyprus,CYP,CY,0.52,0.51,0.52,0.41,0.44,0.43,0.48,0.1,0.06,0.14,0.21,0.13,0,0,0,0.16,0.32,0.14,0.18,0.2,0.49,0.41,0.26,0.39,0.62,0.02,0.15,0.26,0,0,0,0.13,0.3,0.22,0.26,0.57,0.51,0.58,0.55,,0,0,0,1,0.5,0.24,0.82,0.74,0.72,0.69,0.61,0.72,0.86,0.7,0.78,0.82,0.74,1,0.85,0.7,0.79,0.75,0.71,0.72,0.73,0.72,0.77,1,0,0.5,0.73,0.75,0.35
Czechia,CZE,CZ,0.53,0.46,0.5,0.08,0.02,0.05,0.28,0.14,0.11,0.05,0,0.08,0.01,0,0.01,0.17,0.24,0.1,0.2,0.18,0.38,0.52,0.35,0.42,0.59,0.02,0.26,0.29,0.75,0.75,0.75,0.52,0.07,0.11,0.09,0.44,0.5,0.19,0.38,0.02,0.04,0.03,0,0.02,0.01,0.19,0.8,0.79,0.81,0.71,0.56,0.73,0.85,1,0.93,0.63,0.64,1,0.76,0.19,0.83,0.51,0.84,0.87,0.92,0.88,0.72,1,,1,0.79,0.8,0.24
Denmark,DNK,DK,0.39,0.46,0.43,0.02,0.02,0.02,0.23,0.1,0.19,0.11,0,0.1,0,0,0,,0.13,0.11,0.01,0.08,0.38,0.54,0.39,0.44,0.22,0.07,0.13,0.14,0,0,0,0.07,0.26,0.26,0.26,0.41,0.4,0.44,0.42,,0,0,0,0.16,0.08,0.16,0.93,0.95,0.78,0.87,0.94,0.89,0.93,1,0.97,0.74,0.65,1,0.8,0.92,0.82,0.87,0.65,1,0.93,0.86,0.84,0.95,1,0.98,0.9,0.87,0.17
Disputed Area of the Sudan,,,,,,,,,,,,,,,,,,,,,,,,,,,,,,,,,,,,,,,,,,,,,,,,,,,,,,,,,,,,,,,,,,,,,,,,,,,
Djibouti,DJI,DJ,0.25,0.06,0.16,0.01,0.01,0.01,0.09,0.5,0.78,0.71,0.7,0.67,0.54,0.5,0.52,,0.81,0.72,0.43,0.65,0.82,0.65,0.37,0.61,0.77,0.35,0.31,0.48,0.25,0.75,0.5,0.49,0.51,0.46,0.49,0.33,,0.14,0.24,,0.17,0.17,0.75,0.38,0.57,0.49,0.22,0.36,0.46,0.29,0.28,0.32,0.47,0.67,0.57,0.35,0.21,0.38,0.31,0.08,0.44,0.26,0.53,0.32,0.28,0.38,0.32,0.08,0.05,0.07,0.35,0.43,0.23
Dominica,DMA,DM,0.39,0.33,0.36,0.94,0.85,0.9,0.63,0.16,0.67,,0.25,0.36,0.19,0.37,0.28,,,0.46,0.32,,0.56,0.48,,0.52,,0.02,,,,,,,0.22,0.3,0.26,0.4,0.58,0.35,0.44,1,1,1,0,0.03,0.02,,0.78,0.69,0.81,0.45,0.58,0.66,0.63,0.84,0.74,0.67,0.57,1,0.75,1,0.76,0.59,0.74,0.8,0.59,0.71,0.68,0.8,0.01,0.41,0.66,,
Dominican Republic,DOM,DO,0.73,0.64,0.69,0.79,0.71,0.75,0.72,0.25,0.62,0.56,0.48,0.48,0.16,0.6,0.38,0.48,0.38,0.46,0.35,0.42,0.48,0.65,0.39,0.51,0.44,0.21,0.35,0.33,1,1,1,0.67,0.41,0.55,0.48,0.58,0.28,0.6,0.49,0.28,0.17,0.23,0,0.01,0.01,0.41,0.6,0.46,0.63,0.43,0.26,0.48,0.72,0.68,0.7,0.58,0.44,0.55,0.52,0.32,0.5,0.27,0.56,0.48,0.68,0.57,0.45,0.83,0.81,0.82,0.55,0.57,0.56
Ecuador,ECU,EC,0.74,0.64,0.69,0.65,0.58,0.62,0.66,0.19,0.46,0.5,0.38,0.38,0.16,0.56,0.36,0.46,0.26,0.39,0.42,0.38,0.45,0.65,0.38,0.49,0.2,0.07,0.35,0.21,0.75,0.75,0.75,0.48,0.49,0.45,0.47,0.2,0.58,0.42,0.4,0.65,0.57,0.61,0,0.17,0.09,0.41,0.52,0.41,0.58,0.44,0.29,0.45,0.66,0.51,0.59,0.62,0.45,0.65,0.57,0.17,0.48,0.33,0.55,0.57,0.74,0.62,0.51,0.92,0.92,0.92,0.54,0.57,0.53
Egypt,EGY,EG,0.82,0.66,0.74,0.48,0.41,0.45,0.6,0.3,0.55,0.39,0.22,0.37,0.05,0.07,0.06,0.73,0.39,0.5,0.54,0.54,0.56,0.79,0.45,0.6,0.68,0.04,0.77,0.5,0.75,0,0.38,0.44,0.6,0.5,0.55,0.82,0.4,1,0.74,0.23,0.15,0.19,0.61,0.03,0.32,0.42,0.26,0.44,0.31,0.38,0.31,0.34,0.67,0.62,0.65,0.46,0.57,0.43,0.49,0.77,0.82,0.8,0.56,0.5,0.52,0.53,0.61,0.72,0.51,0.62,0.51,0.55,0.52
El Salvador,SLV,SV,0.72,0.6,0.66,0.99,0.89,0.94,0.8,0.25,0.46,0.47,0.48,0.42,0.26,0.39,0.33,0.62,0.48,0.52,0.7,0.58,0.61,0.52,0.38,0.5,0.37,0.02,0.44,0.28,0.5,0.75,0.63,0.46,0.21,0.45,0.33,0.37,0.7,0.35,0.47,0.51,0.25,0.38,0,0.48,0.24,0.41,0.6,0.37,0.55,0.43,0.31,0.45,0.59,0.66,0.63,0.55,0.84,0.5,0.63,0.25,0.6,0.43,0.52,0.26,0.68,0.49,0.52,0.64,0.18,0.41,0.5,0.55,0.6
Equatorial Guinea,GNQ,GQ,0.5,0.43,0.47,0.01,0.28,0.15,0.31,0.6,0.83,0.78,,0.74,0.26,0.92,0.59,0.42,0.73,0.62,0.76,0.63,0.28,0.64,0.49,0.47,0.44,0.51,0.11,0.35,0,0,0,0.18,0.85,0.79,0.82,0.01,0.6,0.03,0.21,,0,0,0,0.01,0.01,0.41,0.08,0.24,0.57,0.21,0.01,0.22,0.77,0.38,0.58,0.14,0.25,0,0.13,0.13,0.36,0.25,0.62,0.28,0.38,0.43,0.27,1,0.07,0.54,0.34,0.47,0.41
Eritrea,ERI,ER,0.53,0.26,0.4,0.16,0.13,0.15,0.28,0.43,0.67,0.84,,0.65,0.87,0.86,0.87,0.8,0.83,0.73,0.99,0.84,0.53,0.82,0.65,0.67,,0.21,0.15,0.18,0.5,0.5,0.5,0.34,,,,0.37,0.54,0.18,0.36,,0,0,0.36,0.83,0.6,0.54,0.03,0.22,0.47,0.15,0.15,0.2,0.36,0.34,0.35,0.19,0.05,0.02,0.09,0.03,0.22,0.13,0.39,0.34,0.09,0.27,0.16,0.29,0,0.15,0.21,0.34,0.43
Estonia,EST,EE,0.29,0.18,0.24,0.02,0,0.01,0.13,0.17,0.06,0.18,0.04,0.11,0.03,0.05,0.04,0.04,0.2,0.1,0.1,0.11,0.41,0.54,0.38,0.44,0.47,0.02,0.22,0.24,1,1,1,0.62,0.06,0.05,0.06,0.45,0.51,0.15,0.37,,0.28,0.28,0,0.02,0.01,0.23,0.86,0.83,0.73,0.73,0.72,0.77,0.84,0.58,0.71,0.76,0.78,1,0.85,0.44,0.9,0.67,0.79,0.81,0.86,0.82,0.78,1,1,1,0.78,0.78,0.17
Eswatini,SWZ,SZ,0.55,0.42,0.49,0.54,0.49,0.52,0.51,0.59,0.73,0.8,0.71,0.71,0.44,0.74,0.59,0.63,0.52,0.55,0.71,0.6,0.48,0.71,0.5,0.56,0.87,0.04,0.41,0.44,0,0,0,0.22,0.55,0.57,0.56,0.54,0.41,0.24,0.4,,0.34,0.34,0,0.03,0.02,0.44,0.21,0.49,0.54,0.39,0.36,0.4,0.61,0.63,0.62,0.32,0.4,0.43,0.38,0.04,0.45,0.25,0.62,0.49,0.13,0.41,0.35,0.23,1,0.62,0.45,0.51,0.5
Ethiopia,ETH,ET,0.78,0.47,0.63,0.27,0.25,0.26,0.45,0.42,0.73,0.78,0.73,0.67,0.74,0.87,0.81,0.96,0.63,0.83,0.84,0.82,0.6,0.77,0.61,0.66,0.19,0.09,0.13,0.14,0.5,0.25,0.38,0.26,0.67,0.8,0.74,0.38,0.47,0.7,0.52,0.64,0.15,0.4,0.55,0.36,0.46,0.59,0.21,0.46,0.26,0.36,0.3,0.32,0.36,0.36,0.36,0.17,0.32,0.07,0.19,0.01,0.17,0.09,0.22,0.18,0.15,0.18,0.15,0.86,,0.86,0.33,0.37,0.53
Falkland Is.,FLK,FK,0.11,0,0.06,0.45,0.41,0.43,0.25,,,,,,,,,,,,,,,,,,,,,,,,,,,,,,,0.06,,,,,0,0,0,,,,,,,,,,,,,,,1,,,,,,,,0.03,0.01,0.02,,,
Faroe Is.,FRO,FO,,,,,,,,0.07,,,,,,,,,,,0.03,,0.51,,,,,,,,,,,,0.12,0.21,0.17,,,1,,,0,0,0,0,0,,,,,,,,,,,0.84,0.6,0.99,0.81,1,,,,,,,,0.13,0,0.07,,,
Fiji,FJI,FJ,0.57,0.44,0.51,0.86,0.82,0.84,0.68,0.33,0.58,0.38,0.19,0.37,0.09,0.32,0.21,,0.4,0.24,0.53,0.39,0.68,0.6,0.36,0.55,0.66,0.23,0.51,0.47,0.75,0.75,0.75,0.61,0.29,0.44,0.37,0.04,0.45,0.41,0.3,0.88,0.62,0.75,0,0.05,0.03,0.4,0.61,0.5,0.76,0.52,0.51,0.58,0.63,0.75,0.69,0.51,0.61,0.6,0.57,0.39,0.46,0.28,0.63,0.64,0.53,0.6,0.48,0.13,0.23,0.18,0.53,0.57,0.54
Finland,FIN,FI,0.4,0.45,0.43,0.02,0.02,0.02,0.23,0.09,0.04,0,0,0.03,0.02,0,0.01,,0.02,0.12,0.11,0.08,0.44,0.54,0.43,0.47,0.13,0.21,0.12,0.15,0,0,0,0.08,0.16,0.17,0.17,0.33,0.51,0.32,0.39,,0,0,0,0.11,0.06,0.14,0.94,0.99,0.82,0.9,0.94,0.92,0.9,0.8,0.85,0.46,0.71,1,0.72,0.54,0.69,0.62,0.77,0.99,0.89,0.88,0.74,1,1,1,0.86,0.86,0.18
France,FRA,FR,0.67,0.64,0.66,0.09,0.03,0.06,0.36,0.06,0.18,0.16,0,0.1,0.01,0,0.01,,0.25,0.19,0.18,0.21,0.46,0.47,0.43,0.45,0.2,0.02,0.18,0.13,0.75,0.75,0.75,0.44,0.19,0.26,0.23,0.46,0.42,0.5,0.46,0.35,0.61,0.48,0.75,0.13,0.44,0.31,0.84,0.86,0.64,0.78,0.72,0.77,0.89,0.82,0.86,0.93,0.57,1,0.83,0.36,0.84,0.6,0.84,0.91,0.85,0.87,0.77,1,0.87,0.94,0.81,0.75,0.3
French Guiana,GUF,GF,0.41,0.37,0.39,0.41,0.28,0.35,0.37,,,,,,,,,,,,,,,,,,,,,,,,,,,,,,,0.36,,,0,0,0,0,0,,0.88,0.81,0.71,0.78,0.66,0.77,,,,,,,,0.58,,,,,,,,1,0.19,0.6,,,
French Polynesia,PYF,PF,0.42,0.43,0.43,0.54,0.48,0.51,0.47,0.19,,,0.19,,0.02,0,0.01,,,,0.3,,0.63,,0.28,,,,0.24,,,,,,0.32,0.3,0.31,,0.51,0.13,,,0,0,0,,,,,,,,,,,,,0.7,0.54,0.77,0.67,1,,,,,0.7,,,0.1,0,0.05,,,
French Southern & Antarctic Lands,ATF,TF,,,,,,,,,,,,,,,,,,,,,,,,,,,,,,,,,,,,,,,,,,,0,,,,,,,,,,,,,,,,,,,,,,,,,,,,,,
Gabon,GAB,GA,0.46,0.43,0.45,0.14,0.09,0.12,0.29,0.41,0.69,0.75,0.45,0.58,0.6,0.41,0.51,0.7,0.42,0.43,0.51,0.52,0.29,0.64,0.5,0.48,0.63,0.25,0.31,0.4,0,0,0,0.2,0.71,0.67,0.69,0.01,0.39,0.01,0.14,,0,0,0,0.03,0.02,0.35,0.31,0.41,0.58,0.31,0.24,0.37,0.75,0.65,0.7,0.16,0.71,0.41,0.43,0.17,0.35,0.26,0.84,0.64,0.38,0.62,0.44,0.9,0.22,0.56,0.48,0.57,0.35
Georgia,GEO,GE,0.59,0.47,0.53,0.39,0.36,0.38,0.46,0.26,0.4,0.41,0.37,0.36,0.14,0,0.07,0.04,0.27,0.09,0.38,0.2,0.56,0.68,0.34,0.53,0.68,0.04,0.3,0.34,0,0,0,0.17,0.24,0.04,0.14,0.23,0.51,0.24,0.33,0.35,0.37,0.36,0,0.71,0.36,0.28,0.63,0.62,0.53,0.62,0.6,0.6,0.64,0.71,0.68,0.67,0.79,0.94,0.8,0.23,0.58,0.41,0.66,0.71,0.96,0.78,0.66,0.48,0.18,0.33,0.61,0.67,0.39
Germany,DEU,DE,0.7,0.7,0.7,0.12,0.05,0.09,0.4,0.09,0.15,0.11,0,0.09,0.01,0,0.01,,0.21,0,0.14,0.12,0.38,0.51,0.35,0.41,0.24,0.11,0.19,0.18,0.25,0.5,0.38,0.28,0.23,0.21,0.22,0.52,0.51,0.53,0.52,0.3,0.04,0.17,0.24,0.26,0.25,0.23,0.9,0.9,0.72,0.85,0.85,0.84,0.92,0.82,0.87,0.9,0.69,1,0.86,0.39,0.84,0.62,0.89,0.97,0.91,0.92,0.8,1,1,1,0.85,0.81,0.28
Ghana,GHA,GH,0.69,0.48,0.59,0.27,0.25,0.26,0.43,0.49,0.7,0.77,0.3,0.57,0.87,0.53,0.7,0.77,0.48,0.51,0.65,0.6,0.55,0.81,0.54,0.63,0.74,0.07,0.07,0.29,0.5,0.5,0.5,0.4,0.63,0.69,0.66,0.17,0.47,0.12,0.25,0.14,0.21,0.18,0,0.01,0.01,0.44,0.71,0.58,0.62,0.48,0.38,0.55,0.51,0.58,0.55,0.16,0.68,0.55,0.46,0.04,0.58,0.31,0.44,0.41,0.24,0.36,0.38,0.79,0.03,0.41,0.49,0.53,0.45
Gibraltar,GIB,GI,,,,,,,,,,,,,,,,,,,0.04,,,,,,,,,,,,,,0.23,0.2,0.22,,,,,,,,0,0,0,,,,,,,,,,,0.92,0.64,1,0.85,1,,,,,,,,1,0.91,0.96,,,
Glorioso Is.,,,,,,,,,,,,,,,,,,,,,,,,,,,,,,,,,,,,,,,,,,,,,,0,,,,,,,,,,,,,,,,,,,,,,,,,,,,,
Greece,GRC,GR,0.68,0.64,0.66,0.52,0.2,0.36,0.51,0.09,0.22,0,0,0.08,0.01,0,0.01,0.29,0.09,0.24,0.3,0.23,0.46,0.24,0.36,0.35,0.62,0.13,0.27,0.34,1,0.25,0.63,0.49,0.22,0.03,0.13,0.46,0.41,0.21,0.36,0.44,0.42,0.43,0,0.1,0.05,0.24,0.73,0.57,0.57,0.57,0.4,0.57,0.81,0.69,0.75,0.87,0.62,0.99,0.83,0.64,0.73,0.69,0.76,0.68,0.93,0.79,0.77,1,0.17,0.59,0.67,0.72,0.38
Greenland,GRL,GL,,,,,,,,0.29,,,,,0,0,0,0,,,0.3,,0.51,,,,,,,,,,,,0.11,0.04,0.08,,,0.01,,,0,0,0,0,0,,0.88,0.92,0.99,0.67,0.7,0.83,,,,0.76,0.58,0.94,0.76,1,,,,,,,,1,0.59,0.8,,,
Grenada,GRD,GD,0.38,0.34,0.36,0.6,0.57,0.59,0.48,0.25,0.51,0.36,,0.37,0.02,0.28,0.15,0.21,0.18,0.39,0.43,0.3,0.41,0.46,0.33,0.4,0.3,0.13,,0.22,,,,,0.19,0.21,0.2,0.35,0.51,0.48,0.45,,0,0,0,0.05,0.03,0.24,0.74,0.65,0.81,0.47,0.54,0.64,0.7,0.79,0.75,0.78,0.56,0.66,0.67,1,0.93,0.64,0.73,0.7,0.66,0.7,0.67,0.14,0.01,0.08,0.62,0.69,0.39
Guadeloupe,GLP,GP,0.52,0.53,0.53,0.89,0.8,0.85,0.69,,,,,,,,,0.39,,,,,,,,,,,,,,,,,,,,,,0.65,,,0.35,0.35,0,0,0,,,,,,,,,,,,,,,1,,,,,,,,1,0.33,0.67,,,
Guam,GUM,GU,,,,,,,,0.13,,,,,0.1,0.06,0.08,0.12,,,0.22,,0.74,,0.35,,,,0.34,,,,,,0.22,0.22,0.22,,0.51,0.01,,,0,0,0,0,0,,0.75,0.84,0.74,0.56,0.72,0.72,,,,0.85,0.33,0.79,0.66,1,,,,,0.59,,,1,,,,,
Guatemala,GTM,GT,0.77,0.65,0.71,0.91,0.83,0.87,0.79,0.25,0.6,0.56,0.62,0.51,0.37,0.43,0.4,0.72,0.51,0.55,0.65,0.61,0.52,0.66,0.48,0.55,0.74,0.11,0.57,0.47,0.75,0.75,0.75,0.61,0.59,0.6,0.6,0.21,0.63,0.55,0.46,0.38,0.6,0.49,0,0.29,0.15,0.49,0.49,0.33,0.49,0.37,0.26,0.39,0.6,0.69,0.65,0.62,0.63,0.51,0.59,0.12,0.43,0.28,0.36,0.4,0.36,0.37,0.41,0.8,0.2,0.5,0.46,0.49,0.63
Guernsey,GGY,GG,,,,,,,,,,,,,,,,,,,,,,,,,,,,,,,,,,,,,,,,,,,0,0,0,,,,,,,,,,,,,,,1,,,,,,,,,,,,,
Guinea,GIN,GN,0.63,0.34,0.49,0.27,0.22,0.25,0.37,0.54,0.8,0.89,0.7,0.73,0.82,0.71,0.77,1,0.62,0.83,0.9,0.84,1,0.79,0.65,0.81,0.54,0.65,0.04,0.41,0.75,0,0.38,0.4,0.65,0.66,0.66,0.03,0.58,0.23,0.28,,0.12,0.12,0.42,0.13,0.28,0.54,0.38,0.29,0.48,0.29,0.2,0.33,0.38,0.36,0.37,0,0.47,0.11,0.19,0.03,0.42,0.23,0.22,0.24,0.12,0.19,0.2,1,0.15,0.58,0.32,0.39,0.48
Guinea-Bissau,GNB,GW,0.5,0.21,0.36,0.24,0.2,0.22,0.29,0.6,0.8,0.86,0.79,0.76,0.81,0.68,0.75,0.9,0.56,0.8,0.96,0.81,0.49,0.55,0.62,0.55,0.72,0.84,0.18,0.58,0,0,0,0.29,0.67,0.69,0.68,0.07,0.57,0.27,0.3,,0.14,0.14,0,0.21,0.11,0.49,0.37,0.25,0.48,0.14,0.07,0.26,0.34,,0.34,0,0.41,0.16,0.19,0.12,0.34,0.23,0.46,0.31,0.25,0.34,0.25,0.9,0.79,0.85,0.33,0.42,0.41
Guyana,GUY,GY,0.42,0.28,0.35,0.2,0.16,0.18,0.27,0.4,0.63,0.71,0.37,0.53,0.17,0.17,0.17,0.61,0.45,0.41,0.64,0.53,0.57,0.62,0.35,0.51,0.33,0.09,0.49,0.3,0.25,0.75,0.5,0.4,0.26,0.25,0.26,0.07,0.51,0.05,0.21,,0,0,0,0.03,0.02,0.29,0.63,0.49,0.59,0.45,0.31,0.49,0.61,0.69,0.65,0.66,0.44,0.42,0.51,0.14,0.45,0.3,0.56,0.31,0.52,0.46,0.42,0.5,0,0.25,0.48,0.6,0.33
Haiti,HTI,HT,0.72,0.5,0.61,0.76,0.69,0.73,0.67,0.47,0.79,0.79,0.98,0.76,0.74,0.87,0.81,0.9,0.75,0.64,0.88,0.79,0.79,0.71,0.43,0.64,0.95,,0.13,0.54,0,0,0,0.27,0.44,0.65,0.55,0.41,0.61,0.48,0.5,0.97,0.63,0.8,0,0.16,0.08,0.58,0.38,0.32,0.46,0.09,0.15,0.28,0.35,0.56,0.46,0.01,0.32,0.21,0.18,0.21,0.4,0.2,0.39,0.06,0.28,0.24,0.21,0.02,0,0.01,0.27,0.35,0.66
Heard I. & McDonald Is.,HMD,HM,,,,,,,,,,,,,,,,,,,,,,,,,,,,,,,,,,,,,,,,,,,0,,,,,,,,,,,,,,,,,,,,,,,,,,,,,,
Honduras,HND,HN,0.7,0.56,0.63,0.66,0.59,0.63,0.63,0.25,0.51,0.62,0.61,0.5,0.18,0.47,0.33,0.6,0.58,0.55,0.69,0.61,0.59,0.71,0.39,0.56,0.46,0.29,0.45,0.4,0.75,1,0.88,0.64,0.53,0.62,0.58,0.17,0.8,0.48,0.48,0.06,0.25,0.16,0,0.37,0.19,0.45,0.45,0.33,0.49,0.4,0.26,0.39,0.51,0.65,0.58,0.42,0.48,0.53,0.48,0.17,0.41,0.29,0.39,0.45,0.33,0.39,0.39,0.87,0.17,0.52,0.44,0.5,0.56
Howland I.,,,,,,,,,,,,,,,,,,,,,,,,,,,,,,,,,,,,,,,,,,,,,,,,,,,,,,,,,,,,,,,,,,,,,,,,,,,
Hungary,HUN,HU,0.55,0.5,0.53,0.1,0.07,0.09,0.31,0.2,0.19,0.28,0,0.17,0.02,0,0.01,0.16,0.3,0.16,0.22,0.21,0.38,0.56,0.32,0.42,0.8,0,0.27,0.36,0.25,0.75,0.5,0.43,0.13,0.05,0.09,0.3,0.48,0.11,0.3,,0,0,0,0.03,0.02,0.18,0.65,0.67,0.77,0.61,0.45,0.63,0.82,0.84,0.83,0.79,0.66,1,0.82,0.15,0.87,0.51,0.86,0.82,0.85,0.84,0.72,1,,1,0.73,0.78,0.26
Iceland,ISL,IS,0.43,0.4,0.42,0.47,0.14,0.31,0.37,0.05,0,0,0,0.01,0.01,0,0.01,,0.18,0.12,0,0.1,0.41,0.59,0.35,0.45,0,0,0.12,0.04,,,,,0.43,0.37,0.4,0.17,0.13,0.07,0.12,,0,0,0,0.03,0.02,0.14,0.9,0.9,0.88,0.8,0.85,0.87,0.92,1,0.96,0.86,0.66,1,0.84,1,0.92,0.96,0.7,0.99,0.9,0.86,0.89,0.64,0,0.32,0.84,0.85,0.24
India,IND,IN,1,0.81,0.91,0.44,0.55,0.5,0.71,0.36,0.67,0.67,0.6,0.58,0.62,0.38,0.5,0.82,0.44,0.56,0.7,0.63,0.48,0.72,0.34,0.51,0.74,0.04,0.71,0.5,1,1,1,0.75,0.41,0.55,0.48,0.6,0.48,0.67,0.58,0.62,0.32,0.47,0.22,0.01,0.12,0.51,0.66,0.55,0.43,0.52,0.38,0.51,0.58,0.6,0.59,0.23,0.47,0.58,0.43,0.06,0.77,0.42,0.39,0.57,0.52,0.49,0.45,0.3,0.15,0.23,0.48,0.49,0.6
Indonesia,IDN,ID,0.93,0.8,0.87,0.7,0.68,0.69,0.78,0.35,0.58,0.61,0.38,0.48,0.4,0.56,0.48,0.42,0.39,0.44,0.67,0.48,0.44,0.72,0.31,0.49,0.58,0.07,0.42,0.36,1,0.75,0.88,0.62,0.41,0.56,0.49,0.32,0.6,0.24,0.39,0.47,0.46,0.47,0,0,0,0.43,0.59,0.48,0.5,0.51,0.37,0.49,0.67,0.65,0.66,0.37,0.93,0.86,0.72,0.14,0.54,0.34,0.5,0.48,0.37,0.45,0.5,0.7,0.46,0.58,0.54,0.56,0.59
Iran,IRN,IR,0.82,0.75,0.79,0.52,0.47,0.5,0.65,0.2,0.47,0.35,0.23,0.31,0.1,0.3,0.2,0.66,0.3,0.31,0.38,0.41,0.43,0.86,0.24,0.51,0.88,0,0.84,0.57,1,1,1,0.79,0.42,0.49,0.46,0.71,0.51,0.2,0.47,0.47,0.33,0.4,0.06,0.3,0.18,0.41,0.25,0.41,0.41,0.47,0.24,0.36,0.77,,0.77,0.83,0.58,0.65,0.69,0.1,0.46,0.28,0.55,0.51,0.6,0.55,0.51,0.41,0.17,0.29,0.48,0.54,0.55
Iraq,IRQ,IQ,0.75,0.56,0.66,0.44,0.41,0.43,0.55,0.33,0.62,0.46,0.81,0.56,0.15,0.57,0.36,0.74,0.54,0.53,0.5,0.58,0.44,0.63,0.59,0.55,0.46,0.49,0.82,0.59,0.25,0.25,0.25,0.42,0.74,0.67,0.71,0.73,0.51,0.29,0.51,,0.18,0.18,0.95,0.6,0.78,0.52,0.31,0.21,0.13,0.25,0.12,0.2,0.76,0.75,0.76,0.49,0.47,0.29,0.42,0.2,0.47,0.34,0.53,0.55,0.53,0.54,0.43,0.05,,0.05,0.37,0.43,0.56
Ireland,IRL,IE,0.44,0.59,0.52,0.05,0.16,0.11,0.32,0.08,0.14,0.16,0,0.1,0.1,0.2,0.15,,0.11,0.12,0.14,0.12,0.15,0.51,0.38,0.35,0.54,0.04,0.23,0.27,0,0,0,0.14,0.34,0.36,0.35,0.15,0.41,0.97,0.51,,0.09,0.09,0,0.04,0.02,0.2,0.88,0.86,0.81,0.77,0.79,0.82,0.95,0.72,0.84,0.83,0.55,1,0.79,0.43,0.81,0.62,0.67,0.95,0.84,0.82,0.74,0.84,0.32,0.58,0.78,0.79,0.26
Isle of Man,IMN,IM,,,,,,,,0.16,,,,,,,,,,,,,,,,,,,,,,,,,0.28,0.28,0.28,,,,,,0,0,0,0,0,,,,,,,,,,,,,1,,1,,,,0.59,0.66,,,0,,,,,
Israel,ISR,IL,0.69,0.71,0.7,0.64,0.56,0.6,0.65,0.06,0.13,0.08,0,0.07,0,0,0,0.28,0.24,0.08,0.17,0.19,0.43,0.53,0.48,0.48,0.43,0.04,0.15,0.21,1,1,1,0.61,0.57,0.5,0.54,0.74,0.33,0.53,0.53,0.34,0.14,0.24,0.83,0.09,0.46,0.35,0.73,0.77,0.42,0.79,0.62,0.67,0.86,1,0.93,0.83,0.68,1,0.84,0.99,0.79,0.89,0.7,0.76,0.85,0.77,0.83,0.78,0.01,0.4,0.74,0.7,0.44
Italy,ITA,IT,0.77,0.74,0.76,0.37,0.14,0.26,0.51,0.05,0.13,0.05,0,0.06,0.01,0,0.01,0.14,0.27,0.28,0.38,0.27,0.42,0.44,0.4,0.42,0.37,0.04,0.35,0.25,0.75,0.75,0.75,0.5,0.15,0.26,0.21,0.57,0.43,0.4,0.47,0.51,0.31,0.41,0,0.08,0.04,0.27,0.82,0.62,0.65,0.61,0.47,0.63,0.88,0.82,0.85,0.81,0.76,1,0.86,0.43,0.83,0.63,0.71,0.78,0.9,0.8,0.76,1,0.65,0.83,0.73,0.73,0.37
Jamaica,JAM,JM,0.63,0.56,0.6,0.79,0.71,0.75,0.68,0.2,0.47,0.56,0.43,0.42,0.19,0.39,0.29,0.61,0.39,0.31,0.55,0.47,0.58,0.75,0.31,0.55,0.64,0.13,0.29,0.35,0,0,0,0.18,0.15,0.27,0.21,0.36,0.52,0.28,0.39,,0,0,0,0.04,0.02,0.28,0.73,0.52,0.65,0.6,0.39,0.58,0.62,0.74,0.68,0.55,0.57,0.59,0.57,0.88,0.87,0.58,0.57,0.53,0.64,0.58,0.58,0.85,0.19,0.52,0.59,0.66,0.48
Jan Mayen,SJM,SJ,,,,,,,,,,,,,,,,,,,,,,,,,,,,,,,,,,,,,,,,,,,0,,,,,,,,,,,,,,,,,1,,,,,,,,1,0.32,0.66,,,
Japan,JPN,JP,0.91,1,0.96,0.87,1,0.94,0.95,0.03,0.04,0.08,0,0.04,0,0,0,,0.28,0.09,0.08,0.15,0.44,0.56,0.49,0.5,0.81,0.02,0.31,0.38,1,1,1,0.69,0.06,0.02,0.04,0.5,0.51,0.58,0.53,0.58,0.33,0.46,0,0,0,0.27,0.81,0.89,0.83,0.83,0.78,0.83,0.89,0.97,0.93,0.89,0.72,1,0.87,0.48,0.96,0.72,0.99,0.93,0.78,0.9,0.83,1,0.14,0.57,0.82,0.78,0.46
Jarvis I.,,,,,,,,,,,,,,,,,,,,,,,,,,,,,,,,,,,,,,,,,,,,,,,,,,,,,,,,,,,,,,,,,,,,,,,,,,,
Jersey,JEY,JE,,,,,,,,,,,,,,,,,,,,,,,,,,,,,,,,,,,,,,,,,,,0,,,,0.88,0.92,0.86,0.76,0.7,0.82,,,,,,,,1,,,,,,,,,,,,,
Johnston Atoll,,,,,,,,,,,,,,,,,,,,,,,,,,,,,,,,,,,,,,,,,,,,,,,,,,,,,,,,,,,,,,,,,,,,,,,,,,,
Jordan,JOR,JO,0.67,0.58,0.63,0.49,0.47,0.48,0.56,0.24,0.5,0.49,0.57,0.45,0.01,0.26,0.14,0.42,0.42,0.27,0.37,0.37,0.65,0.6,0.47,0.57,0.67,0.07,0.86,0.53,0.75,0.5,0.63,0.58,0.84,0.77,0.81,0.77,0.51,0.38,0.55,,0.23,0.23,0.97,0.7,0.84,0.5,0.39,0.61,0.49,0.53,0.49,0.5,0.63,0.78,0.71,0.37,0.56,0.57,0.5,0.19,0.47,0.33,0.53,0.66,0.77,0.65,0.49,0.1,,0.1,0.5,0.5,0.53
Juan De Nova I.,,,,,,,,,,,,,,,,,,,,,,,,,,,,,,,,,,,,,,,,,,,,,,,,,,,,,,,,,,,,,,,,,,,,,,,,,,,
Kazakhstan,KAZ,KZ,0.65,0.62,0.64,0.29,0.26,0.28,0.46,0.33,0.39,0.23,0,0.24,0.03,0.42,0.23,0.04,0.21,0.17,0.22,0.16,0.42,0.72,0.36,0.5,0.45,0.02,0.16,0.21,0.75,0.75,0.75,0.48,0.47,0.43,0.45,0.5,0.51,0.03,0.35,0.04,0.05,0.05,0,0.01,0.01,0.27,0.26,0.47,0.61,0.51,0.24,0.42,0.8,0.78,0.79,0.69,0.78,0.86,0.78,0.02,0.35,0.19,0.85,0.87,0.85,0.86,0.61,0.19,,0.19,0.53,0.63,0.41
Kenya,KEN,KE,0.71,0.48,0.6,0.22,0.21,0.22,0.41,0.39,0.68,0.84,0.77,0.67,0.72,0.83,0.78,0.76,0.53,0.55,0.83,0.67,0.55,0.72,0.58,0.62,0.55,0.21,0.1,0.29,1,0.5,0.75,0.52,0.68,0.76,0.72,0.41,0.4,0.44,0.42,0.47,0.31,0.39,0.68,0.09,0.39,0.58,0.51,0.47,0.38,0.44,0.21,0.4,0.45,0.52,0.49,0.03,0.46,0.44,0.31,0.05,0.36,0.21,0.53,0.52,0.26,0.44,0.32,0.79,0.28,0.54,0.41,0.42,0.49
Kiribati,KIR,KI,0.19,0.04,0.12,0.08,0.13,0.11,0.12,0.41,0.74,0.56,0.07,0.45,0.62,0.8,0.71,,0.45,0.45,0.86,0.59,1,0.52,0.46,0.66,0.87,0.21,,0.54,,,,,0.54,0.67,0.61,,0.51,,,,0,0,0,0,0,,0.82,0.67,0.78,0.45,0.52,0.65,0.46,,0.46,0.11,0.21,0.4,0.24,1,,,0.6,0.74,0.26,0.53,,1,0.89,0.95,,,
Kuwait,KWT,KW,0.52,0.56,0.54,0.14,0.13,0.14,0.34,0.23,0.33,0.05,0,0.15,0,0.11,0.06,0.39,0.37,0.49,0,0.31,0.43,0.66,0.14,0.41,0.92,0.17,0.48,0.52,0,0,0,0.26,0.84,0.73,0.79,1,,0.51,0.76,,0.03,0.03,0.74,0.02,0.38,0.35,0.41,0.58,0.59,0.47,0.35,0.48,0.99,0.96,0.98,0.6,0.67,0.74,0.67,1,0.95,0.98,0.61,0.83,0.8,0.75,0.8,1,0.03,0.52,0.68,0.67,0.33
Kyrgyzstan,KGZ,KG,0.63,0.42,0.53,0.41,0.37,0.39,0.46,0.31,0.54,0.53,0.32,0.43,0.07,0.5,0.29,0.1,0.33,0.23,0.65,0.33,0.74,0.77,0.4,0.64,0.6,0,0.4,0.33,0.75,0.75,0.75,0.54,0.58,0.56,0.57,0.59,0.66,0.14,0.46,0.35,0.24,0.3,0,0.03,0.02,0.4,0.45,0.36,0.51,0.36,0.19,0.37,0.47,0.62,0.55,0.44,0.65,0.56,0.55,0.03,0.57,0.3,0.77,0.81,0.72,0.77,0.54,0.73,,0.73,0.49,0.55,0.45
Laos,LAO,LA,0.67,0.49,0.58,0.61,0.64,0.63,0.61,0.4,0.77,0.69,0.64,0.63,0.3,0.72,0.51,0.68,0.52,0.64,0.78,0.66,0.51,0.7,0.41,0.54,0.43,0.15,0.04,0.21,0.5,0.25,0.38,0.3,0.45,0.66,0.56,0.12,0.37,0.65,0.38,0.25,0.47,0.36,0,0.03,0.02,0.44,0.14,0.37,0.69,0.43,0.21,0.37,0.57,0.55,0.56,0.64,0.29,0.35,0.43,0.03,0.46,0.25,0.55,0.42,0.42,0.46,0.38,0.94,,0.94,0.47,0.52,0.54
Latvia,LVA,LV,0.37,0.33,0.35,0.05,0.04,0.05,0.2,0.23,0.18,0.29,0,0.18,0.13,0.08,0.11,0.02,0.19,0.09,0.17,0.12,0.46,0.55,0.37,0.46,0.69,0.04,0.2,0.31,0.75,0.75,0.75,0.53,0.35,0.29,0.32,0.09,0.51,0.13,0.24,,0,0,0,0.02,0.01,0.22,0.76,0.75,0.69,0.69,0.56,0.69,0.82,0.82,0.82,0.66,0.68,1,0.78,0.09,0.79,0.44,0.82,0.75,0.85,0.81,0.68,1,1,1,0.74,0.76,0.22
Lebanon,LBN,LB,0.64,0.6,0.62,0.48,0.43,0.46,0.54,0.12,0.32,0.26,0.5,0.3,0.2,0.11,0.16,0.47,0.53,0.39,0.23,0.41,0.66,0.6,0.29,0.52,0.93,0.02,0.74,0.56,1,1,1,0.78,0.88,0.77,0.83,0.54,0.5,0.22,0.42,,0.22,0.22,1,0.06,0.53,0.46,0.42,0.38,0.28,0.4,0.2,0.34,0.71,0.96,0.84,0.78,0.44,0.59,0.6,0.4,0.67,0.54,0.68,0.62,0.76,0.69,0.61,0.17,0,0.09,0.5,0.52,0.51
Lesotho,LSO,LS,0.5,0.37,0.44,0.22,0.21,0.22,0.33,0.67,0.84,0.84,0.55,0.73,0.72,0.65,0.69,0.74,0.55,0.57,0.72,0.65,0.82,0.69,0.49,0.67,0.53,0.68,0.22,0.48,0,0,0,0.24,0.45,0.61,0.53,0.15,0.22,0.19,0.19,,0,0,0,0,0,0.41,0.57,0.5,0.55,0.33,0.42,0.47,0.47,0.6,0.54,0.09,0.57,0.36,0.34,0.08,0.43,0.26,0.52,0.33,0.11,0.32,0.31,0.01,,0.01,0.39,0.49,0.41
Liberia,LBR,LR,0.47,0.15,0.31,0.08,0.09,0.09,0.2,0.49,0.8,0.9,0.93,0.78,0.85,0.72,0.79,0.96,0.53,0.68,0.93,0.78,1,0.77,0.63,0.8,0.74,0.44,0.07,0.42,0,0,0,0.21,0.66,0.66,0.66,0.01,0.59,0.04,0.21,,0,0,0,0.12,0.06,0.48,0.56,0.35,0.52,0.23,0.27,0.39,0.2,0.5,0.35,0.04,0.36,0.13,0.18,0.06,0.37,0.22,0.42,0.28,0.06,0.25,0.22,0.13,0.03,0.08,0.3,0.41,0.34
Libya,LBY,LY,0.64,0.51,0.58,0.46,0.42,0.44,0.51,0.29,0.42,0.18,,0.3,0.03,0.76,0.4,0.56,0.27,0.49,0.79,0.53,0.75,0.65,0.31,0.57,0.66,0.37,0.74,0.59,0,0,0,0.3,0.23,0.29,0.26,1,0.51,0.07,0.53,,0,0,0.98,0.49,0.74,0.4,0.21,0.18,0.13,0.14,0.06,0.14,0.68,0.99,0.84,0.71,0.65,0.83,0.73,0.5,0.71,0.61,0.73,0.82,0.75,0.77,0.7,0.01,0,0.01,0.44,0.52,0.49
Liechtenstein,LIE,LI,0.24,0.4,0.32,0.28,0.28,0.28,0.3,0.11,,,,,,,,,0.3,0.12,0,0.14,,,,,,0.44,,,,,,,0.29,0.23,0.26,,,0.6,,,,,0,0.12,0.06,,0.87,0.91,0.9,0.86,0.91,0.89,1,,1,0.85,0.66,1,0.84,0,,,,,,,,0.79,,0.79,,,
Lithuania,LTU,LT,0.44,0.4,0.42,0.08,0.06,0.07,0.25,0.23,0.17,0.2,0,0.15,0.08,0.28,0.18,0.04,0.2,0.08,0.21,0.13,0.43,0.54,0.34,0.44,0.59,0.11,0.18,0.29,0,0.5,0.25,0.27,0.39,0.29,0.34,0.21,0.5,0.14,0.28,,0.15,0.15,0,0.02,0.01,0.22,0.8,0.76,0.76,0.7,0.56,0.72,0.84,0.77,0.81,0.65,0.81,1,0.82,0.12,0.81,0.47,0.87,0.86,0.92,0.88,0.72,0.99,0.86,0.93,0.76,0.77,0.24
Luxembourg,LUX,LU,0.41,0.51,0.46,0.22,0.15,0.19,0.33,0.07,0.06,0.2,0,0.08,0.02,0,0.01,,0.39,0.14,0,0.18,0.12,0.53,0.27,0.31,0.4,0.07,0.2,0.22,,,,,0.65,0.6,0.63,0.13,0.51,0.88,0.51,,0,0,0,0.09,0.05,0.22,0.93,0.92,0.87,0.85,0.89,0.89,0.98,0.77,0.88,0.87,0.73,1,0.87,0.21,0.84,0.53,0.78,0.95,0.83,0.85,0.75,1,,1,0.86,0.82,0.24
Macedonia,MKD,MK,0.56,0.45,0.51,0.46,0.41,0.44,0.48,0.21,0.45,0.16,0.17,0.25,0.09,0.07,0.08,0.38,0.46,0.33,0.27,0.36,0.57,0.5,0.26,0.44,0.28,0.04,0.41,0.24,0.75,0.75,0.75,0.5,0.05,0.12,0.09,0.38,0.51,0.18,0.36,0.61,0.43,0.52,0,0,0,0.29,0.53,0.5,0.55,0.53,0.36,0.49,0.7,0.76,0.73,0.66,0.55,0.75,0.65,0.37,0.67,0.52,0.77,0.7,0.82,0.76,0.64,0.46,,0.46,0.58,0.65,0.41
Madagascar,MDG,MG,0.75,0.46,0.61,0.59,0.53,0.56,0.59,0.41,0.68,0.78,0.96,0.71,0.9,0.9,0.9,0.87,0.52,0.58,0.9,0.72,0.48,0.74,0.6,0.61,0.6,0.02,0.07,0.23,0,0,0,0.12,0.69,0.78,0.74,0.27,0.52,0.12,0.3,0.51,0.39,0.45,0,0,0,0.51,0.48,0.37,0.53,0.27,0.19,0.37,0.32,0.43,0.38,0.05,0.18,0.21,0.15,0.07,0.31,0.19,0.14,0.16,0.24,0.18,0.17,0.33,0.13,0.23,0.3,0.4,0.59
Malawi,MWI,MW,0.69,0.41,0.55,0.38,0.35,0.37,0.46,0.47,0.71,0.88,0.79,0.71,0.61,0.5,0.56,0.89,0.5,0.7,0.88,0.74,0.51,0.83,0.7,0.68,0.65,0.13,0.13,0.3,0,0,0,0.15,0.72,0.73,0.73,0.37,0.58,0.23,0.39,0.8,0.43,0.62,0,0.02,0.01,0.51,0.55,0.48,0.55,0.37,0.28,0.45,0.28,0.38,0.33,0.02,0.22,0.29,0.18,0.06,0.42,0.24,0.52,0.2,0.02,0.25,0.22,0.98,,0.98,0.41,0.45,0.5
Malaysia,MYS,MY,0.74,0.69,0.72,0.46,0.5,0.48,0.6,0.22,0.32,0.43,0.05,0.26,0.04,0.18,0.11,0.45,0.4,0.28,0.18,0.33,0.38,0.64,0.27,0.43,0.77,0.11,0.37,0.42,0.75,0.75,0.75,0.59,0.51,0.57,0.54,0.18,0.5,0.08,0.25,0.33,0.15,0.24,0.23,0.1,0.17,0.32,0.46,0.64,0.63,0.67,0.44,0.57,0.82,0.85,0.84,0.7,0.72,1,0.81,0.14,0.54,0.34,0.6,0.72,0.67,0.66,0.6,1,0.17,0.59,0.64,0.66,0.45
Maldives,MDV,MV,0.35,0.29,0.32,0.22,0.38,0.3,0.31,0.17,0.33,0.51,0.5,0.38,0.02,0.15,0.09,0.13,0.45,0.57,0.4,0.39,0.49,0.62,0.21,0.44,0.86,0.35,0.53,0.58,,,,,0.65,0.69,0.67,0.47,,,,,0,0,0,0.01,0.01,,0.38,0.42,0.65,0.41,0.25,0.42,0.71,0.76,0.74,0.39,1,0.74,0.71,1,0.5,0.5,0.76,0.86,0.58,0.73,0.65,0.03,0.01,0.02,0.51,,
Mali,MLI,ML,0.64,0.39,0.52,0.2,0.18,0.19,0.36,0.58,0.84,0.87,0.3,0.65,0.77,0.71,0.74,1,0.69,0.86,0.89,0.86,0.62,0.59,0.82,0.68,0.82,0.39,0.29,0.5,0.25,0.25,0.25,0.38,0.72,0.81,0.77,0.28,0.7,0.2,0.39,,0.1,0.1,0.78,0.16,0.47,0.56,0.5,0.39,0.21,0.31,0.29,0.34,0.38,,0.38,0.17,0.6,0.26,0.34,0.01,0.15,0.08,0,0.27,0.2,0.16,0.19,0.44,,0.44,0.31,0.38,0.47
Malta,MLT,MT,0,0.01,0.01,0,0,0,0.01,0.1,0.28,0.18,0,0.14,0,0,0,0.46,0.31,0.2,0.18,0.29,0.35,0.54,0.34,0.41,0.75,0.09,0.4,0.41,,,,,0.59,0.52,0.56,0.64,,0.7,0.67,,0,0,0,0.33,0.17,0.28,0.85,0.8,0.86,0.71,0.6,0.76,0.87,0.79,0.83,0.91,0.7,1,0.87,1,1,1,0.78,0.88,0.89,0.85,0.91,1,0.1,0.55,0.8,0.76,0.05
Marshall Is.,MHL,MH,0.14,0.02,0.08,0.12,0.19,0.16,0.12,0.26,0.64,,,,0.24,0.37,0.31,0.24,0.43,0.23,0.7,0.4,0.97,0.53,,0.75,,0.21,,,,,,,0.09,0.25,0.17,,0.51,,,0.65,0,0.33,0,0,0,,0.85,0.58,0.64,0.19,0.43,0.54,0.54,,0.54,0.38,0.16,0.57,0.37,1,,,0.67,0.68,0.41,0.59,,0.9,0.11,0.51,,,
Martinique,MTQ,MQ,0.52,0.54,0.53,0.93,0.84,0.89,0.71,,,,,,,,,0.34,,,,,,,,,,,,,,,,,,,,,,0.29,,,0,0,0,,,,0.7,0.74,0.81,0.73,0.72,0.74,,,,,,,,1,,,,,,,,1,0,0.5,,,
Mauritania,MRT,MR,0.51,0.29,0.4,0.17,0.12,0.15,0.28,0.48,0.79,0.87,0.51,0.66,0.62,0.86,0.74,0.94,0.67,0.7,0.82,0.78,0.66,0.69,0.58,0.64,0.47,0.09,0.59,0.38,0.75,1,0.88,0.63,0.71,0.78,0.75,0.43,0.69,0.06,0.39,,0.25,0.25,0,0.44,0.22,0.56,0.37,0.43,0.48,0.36,0.26,0.38,0.48,0.55,0.52,0.19,0.49,0.2,0.29,0.03,0.2,0.12,0.28,0.35,0.23,0.29,0.23,0.04,0.57,0.31,0.36,0.4,0.41
Mauritius,MUS,MU,0.55,0.5,0.53,0.59,0.54,0.57,0.55,0.23,0.45,0.47,0.28,0.36,0.07,0.01,0.04,0.5,0.36,0.35,0.47,0.42,0.57,0.63,0.24,0.48,0.76,0.15,0.42,0.44,0,0,0,0.22,0.07,0.04,0.06,0.56,0.49,0.06,0.37,,0,0,0,0.01,0.01,0.22,0.75,0.7,0.8,0.69,0.48,0.68,0.78,0.89,0.84,0.79,0.78,0.72,0.76,0.82,0.73,0.52,0.71,0.67,0.73,0.7,0.66,0.32,0,0.16,0.65,0.72,0.39
Mayotte,MYT,YT,,,,,,,,,,,,,,,,,,,,,,,,,,,,,,,,,,,,,,,,,0,0,0,,,,,,,,,,,,,,,,,0.84,,,,,,,,0.56,1,0.78,,,
Mexico,MEX,MX,0.88,0.84,0.86,0.67,0.64,0.66,0.76,0.18,0.44,0.42,0.14,0.3,0.15,0.3,0.23,0.44,0.36,0.4,0.35,0.39,0.47,0.65,0.33,0.48,0.11,0.19,0.48,0.26,0.75,0.75,0.75,0.51,0.45,0.45,0.45,0.49,0.52,0.22,0.41,0.58,0.28,0.43,0.68,0.08,0.38,0.4,0.54,0.43,0.47,0.5,0.22,0.43,0.75,0.76,0.76,0.64,0.47,0.63,0.58,0.11,0.5,0.31,0.55,0.62,0.76,0.64,0.51,0.77,0.36,0.57,0.53,0.57,0.57
Micronesia,FSM,FM,0.23,0.09,0.16,0.12,0.13,0.13,0.15,0.35,0.63,0.58,,0.52,0.44,0.52,0.48,,0.42,0.44,0.66,0.51,0.87,0.52,0.43,0.61,1,0.17,,0.59,,,,,0.17,0.22,0.2,,0.5,0.41,,0.7,0.59,0.65,0,0,0,,0.84,0.56,0.84,0.52,0.6,0.67,0.5,0.77,0.64,0.46,0.12,0.62,0.4,1,,,0.7,0.67,0.23,0.53,,0.44,0,0.22,,,
Midway Is.,,,,,,,,,,,,,,,,,,,,,,,,,,,,,,,,,,,,,,,,,,,,,,,,,,,,,,,,,,,,,,,,,,,,,,,,,,,
Moldova,MDA,MD,0.63,0.49,0.56,0.54,0.5,0.52,0.54,0.3,0.48,0.33,,0.37,0.24,0.54,0.39,0.11,0.46,0.18,0.28,0.26,0.71,0.73,0.19,0.54,0.54,0.02,0.15,0.24,0,0,0,0.12,0.03,0.03,0.03,0.38,0.36,0.08,0.27,,0,0,0,0.05,0.03,0.22,0.55,0.47,0.55,0.4,0.25,0.44,0.56,0.68,0.62,0.76,0.49,0.96,0.74,0.06,0.56,0.31,0.82,0.73,0.85,0.8,0.62,0.21,,,,,
Monaco,MCO,MC,0,0,0,0,0,0,0,,0.12,,,,0,0,0,,,,0.03,,,,,,,,,,,,,,0.21,0.18,0.2,,,,,,,,0,0.02,0.01,,0.77,0.75,0.94,,,,,,,1,0.46,1,0.82,1,1,1,1,1,1,1,0.94,1,0.04,0.52,,,
Mongolia,MNG,MN,0.51,0.38,0.45,0.18,0.15,0.17,0.31,0.35,0.5,0.44,0.68,0.49,0.41,0.82,0.62,0.23,0.32,0.29,0.77,0.4,0.43,0.78,0.33,0.51,0.65,0.02,0.22,0.3,0,0,0,0.15,0.54,0.48,0.51,0.16,0.6,0.07,0.28,,0.29,0.29,0,0.06,0.03,0.36,0.63,0.49,0.77,0.45,0.33,0.53,0.66,0.72,0.69,0.53,0.68,0.88,0.7,0,0.35,0.18,0.85,0.71,0.82,0.79,0.56,0.77,,0.77,0.6,0.62,0.34
Montenegro,MNE,ME,0.51,0.37,0.44,0.6,0.41,0.51,0.48,0.18,0.16,0.14,0,0.12,0.04,0.04,0.04,0.2,0.35,0.2,0.27,0.26,0.67,0.46,0.32,0.48,0.51,0,0.25,0.25,0,0,0,0.13,0.03,0.2,0.12,,0.51,0.31,,,0,0,0,0.1,0.05,0.15,0.59,0.56,0.6,0.53,0.41,0.54,0.75,0.78,0.77,0.73,0.89,0.65,0.76,0.41,,,0.75,0.78,0.77,0.77,,0.72,0,0.36,,,
Montserrat,MSR,MS,0.22,0.16,0.19,0.94,0.85,0.9,0.55,,,,,,,,,,0.29,,,,,,,,,0.04,,,,,,,,,,,,1,,,,,0,0,0,,,,,,,,,,,,,,,1,,,,,,,,0.33,0,0.17,,,
Morocco,MAR,MA,0.72,0.59,0.66,0.31,0.29,0.3,0.48,0.2,0.57,0.61,0.15,0.38,0.24,0.59,0.42,0.84,0.38,0.62,0.37,0.55,0.54,0.56,0.35,0.48,0.57,0.23,0.73,0.51,0.5,0.5,0.5,0.51,0.46,0.54,0.5,0.61,0.53,0.15,0.43,0.42,0.15,0.29,0,0.01,0.01,0.4,0.4,0.52,0.52,0.47,0.4,0.46,0.61,0.69,0.65,0.43,0.66,0.68,0.59,0.09,0.45,0.27,0.49,0.4,0.5,0.46,0.44,1,0.05,0.53,0.5,0.55,0.46
Mozambique,MOZ,MZ,0.74,0.47,0.61,0.47,0.4,0.44,0.53,0.58,0.79,0.84,0.84,0.76,0.82,0.9,0.86,0.92,0.55,0.77,0.82,0.77,0.75,0.7,0.74,0.73,0.19,0.19,0.12,0.17,0,0,0,0.09,0.72,0.77,0.75,0.09,0.57,0.03,0.23,0.37,0.35,0.36,0.21,0.02,0.12,0.52,0.46,0.34,0.4,0.32,0.23,0.35,0.28,0.5,0.39,0.05,0.21,0.26,0.17,0.04,0.19,0.12,0.39,0.26,0.12,0.26,0.18,0.98,0.41,0.7,0.34,0.41,0.56
Myanmar,MMR,MM,0.83,0.63,0.73,0.78,0.76,0.77,0.75,0.41,0.71,0.67,0.48,0.57,0.21,0.66,0.44,0.78,0.53,0.67,0.74,0.68,0.49,0.74,0.31,0.51,0.79,0.21,0.4,0.47,1,1,1,0.74,0.34,0.44,0.39,0.23,0.72,0.76,0.57,0.38,0.31,0.35,0.69,0.18,0.44,0.52,0.35,0.35,0.38,0.29,0.3,0.33,0.56,0.48,0.52,0.16,0.48,0.29,0.31,0.05,0.22,0.14,0.44,0.41,0.54,0.46,0.3,0.36,0.02,0.19,0.35,0.42,0.66
Namibia,NAM,NA,0.51,0.43,0.47,0.22,0.24,0.23,0.35,0.45,0.67,0.74,0.78,0.66,0.67,0.48,0.58,0.71,0.47,0.53,0.68,0.6,0.55,0.72,0.5,0.59,0.16,0.31,0.11,0.19,0.75,0.75,0.75,0.47,0.62,0.78,0.7,0.09,0.63,0.05,0.26,0.48,0,0.24,0,0.05,0.03,0.46,0.7,0.61,0.73,0.54,0.5,0.62,0.65,0.72,0.69,0.49,0.56,0.57,0.54,0.11,0.48,0.3,0.66,0.63,0.37,0.55,0.46,1,0.34,0.67,0.59,0.57,0.39
Nauru,NRU,NR,,,,,,,,,0.64,,,,0.35,0.28,0.32,,0.61,,0.45,,0.93,,,,,0.07,,,,,,,1,0.86,0.93,,,,,,,,0,0.69,0.35,,0.69,0.4,0.72,0.42,0.32,0.51,0.77,,0.77,0,0.47,0.52,0.33,1,,,0.79,0.83,0.62,0.75,,0,0,0,,,
Nepal,NPL,NP,0.76,0.51,0.64,0.56,0.49,0.53,0.59,0.32,0.64,0.73,0.45,0.54,0.56,0.46,0.51,0.88,0.46,0.67,0.8,0.7,0.74,0.75,0.4,0.63,0.4,0.23,0.04,0.22,0.75,0.5,0.63,0.43,0.41,0.65,0.53,0.29,0.51,1,0.6,0.96,0.89,0.93,0,0.05,0.03,0.54,0.51,0.41,0.47,0.33,0.26,0.4,0.42,0.6,0.51,0.31,0.66,0.6,0.52,0.04,0.41,0.23,0.22,0.57,0.48,0.42,0.39,0.75,,0.75,0.45,0.46,0.56
Netherlands,NLD,NL,0.65,0.71,0.68,0.24,0.19,0.22,0.45,0.07,0.16,0.14,0,0.09,0.02,0,0.01,,0.11,0.14,0.05,0.1,0.34,0.46,0.37,0.39,0.25,0.04,0.18,0.16,0,0,0,0.08,0.2,0.31,0.26,0.43,0.49,1,0.64,0.31,0.03,0.17,0,0.16,0.08,0.2,0.94,0.94,0.79,0.88,0.86,0.88,0.93,0.81,0.87,0.83,0.65,1,0.83,0.58,0.96,0.77,0.78,0.91,0.87,0.85,0.82,0.64,1,0.82,0.85,0.83,0.28
Netherlands Antilles,ANT,,0,,,0,,,,,,,,,,,,,,,,,,,,,,,,,,,,,,,,,,0.3,,,,,0,,,,0.64,0.73,0.74,0.66,0.61,0.68,,,,,,,,1,,,,,,,,,,,,,
New Caledonia,NCL,NC,0.47,0.41,0.44,0.74,0.78,0.76,0.6,0.18,,,0.52,,0,0.16,0.08,0.34,,,0.25,,0.63,,0.31,,,,0.18,,,,,,0.5,0.53,0.52,,0.51,0.25,,,0,0,0,,,,,,,,,,,,,0.77,0.52,0.96,0.75,0.77,,,,,0.73,,,1,1,1,,,
New Zealand,NZL,NZ,0.66,0.7,0.68,0.7,0.77,0.74,0.71,0.07,0.23,0.21,0,0.13,,0,0,,0.14,0.12,0.1,0.12,0.45,0.56,0.37,0.46,0.3,0.13,0.16,0.2,0.25,0.5,0.38,0.29,0.52,0.46,0.49,0.16,0.51,0.74,0.47,0.67,0.07,0.37,0,0.01,0.01,0.26,0.94,0.96,0.92,0.86,0.95,0.93,0.87,0.88,0.88,0.77,0.73,1,0.83,0.49,0.68,0.59,0.67,0.93,0.83,0.81,0.74,0.9,1,0.95,0.87,0.81,0.37
Nicaragua,NIC,NI,0.7,0.53,0.62,0.82,0.76,0.79,0.71,0.21,0.5,0.64,0.63,0.5,0.33,0.56,0.45,0.7,0.47,0.54,0.75,0.62,0.58,0.74,0.35,0.56,0.06,0.27,0.44,0.26,0.25,0.25,0.25,0.26,0.4,0.41,0.41,0.11,0.51,0.54,0.39,0.14,0.27,0.21,0,0.02,0.01,0.38,0.39,0.42,0.59,0.37,0.23,0.4,0.55,0.64,0.6,0.44,0.71,0.58,0.58,0.1,0.45,0.28,0.44,0.49,0.58,0.5,0.45,0.95,0.47,0.71,0.49,0.56,0.56
Niger,NER,NE,0.53,0.24,0.39,0.04,0.05,0.05,0.22,0.54,0.77,0.86,0.59,0.69,0.91,0.86,0.89,1,0.74,0.88,0.9,0.88,0.6,0.52,0.93,0.68,0.64,0.53,0.29,0.49,0.5,0.5,0.5,0.5,0.83,0.73,0.78,0.23,0.64,0.18,0.35,0.34,0.37,0.36,0.82,0.18,0.5,0.63,0.46,0.41,0.34,0.37,0.28,0.37,0.25,,0.25,0.1,0.22,0.05,0.12,0.01,0.16,0.09,0.22,0.1,0.08,0.13,0.11,1,,1,0.33,0.35,0.38
Nigeria,NGA,NG,0.79,0.58,0.69,0.17,0.16,0.17,0.43,0.68,0.83,0.92,0.52,0.74,0.73,0.79,0.76,0.9,0.61,0.57,0.74,0.71,0.47,0.78,0.69,0.65,0.88,0.21,0.18,0.42,0.75,1,0.88,0.65,0.68,0.77,0.73,0.28,1,0.27,0.52,0.27,0.18,0.23,0.77,0.25,0.51,0.61,0.48,0.37,0.21,0.31,0.18,0.31,0.55,0.57,0.56,0.02,0.41,0.65,0.36,0.03,0.45,0.24,0.34,0.52,0.37,0.41,0.34,0.79,0.01,0.4,0.38,0.39,0.51
Niue,NIU,NU,,,,,,,,,,,,,,,,,0.46,,,,,,,,,0.21,,,,,,,,,,,,0.01,,,,,0,0.29,0.15,,0.45,0.39,0.87,0.3,0.33,0.47,,,,,,,,1,,,0.8,,0.72,,,0.63,0,0.32,,,
Norfolk I.,NFK,NF,,,,,,,,,,,,,,,,,,,,,,,,,,,,,,,,,,,,,,0,,,,,0,,,,,,,,,,,,,,,,,1,,,,,,,,0,0,0,,,
North Korea,PRK,KP,0.71,0.51,0.61,0.36,0.85,0.61,0.61,0.29,0.49,0.54,0.96,0.57,0.19,0.04,0.12,0,0.47,,1,0.49,,,0.26,,0.67,0.02,0.15,0.28,0,0,0,0.14,0.22,0.27,0.25,0.42,0.79,0.27,0.49,,0.54,0.54,0,0,0,0.33,0.03,0.19,0.5,0.16,0.09,0.19,,,,0.39,0.08,0,0.16,0.08,0.49,0.29,0.99,0.71,0.88,0.86,0.44,0.17,0,0.09,,,
Northern Mariana Is.,MNP,MP,,,,,,,,,,,,,0.21,0.23,0.22,,,,,,0.43,,,,,,,,,,,,0.22,0.22,0.22,,0.57,,,,0.56,0.56,0,,,,,,,,,,,,,0.84,0.17,0.67,0.56,1,,,,,0.4,,,0.63,1,0.82,,,
Norway,NOR,NO,0.42,0.52,0.47,0.03,0.02,0.03,0.25,0.07,0.06,0.08,0,0.05,0.02,0,0.01,,0.18,0.11,0.02,0.1,0.43,0.61,0.35,0.46,0.16,0.07,0.11,0.11,0,0,0,0.06,0.37,0.42,0.4,0.09,0.51,0.73,0.44,,0,0,0,0.25,0.13,0.18,0.97,0.98,0.83,0.91,0.95,0.93,0.99,0.99,0.99,0.61,0.58,1,0.73,0.81,0.74,0.78,0.74,1,0.93,0.89,0.8,0.86,0.08,0.47,0.86,0.84,0.2
Oman,OMN,OM,0.54,0.53,0.54,0.8,0.29,0.55,0.55,0.18,0.4,0.28,0.26,0.28,0.03,0.41,0.22,0.38,0.3,0.33,0.22,0.31,0.4,0.59,0.15,0.38,0.96,0.07,0.71,0.58,0,0,0,0.29,1,0.96,0.98,0.75,,0.32,0.54,0.43,0.18,0.31,0,0,0,0.37,0.3,0.65,0.75,0.55,0.49,0.55,0.88,0.86,0.87,0.56,0.8,0.6,0.65,0.24,0.8,0.52,0.56,0.72,0.73,0.67,0.61,0.15,0.04,0.1,0.59,0.61,0.46
Pakistan,PAK,PK,0.87,0.65,0.76,0.44,0.91,0.68,0.72,0.41,0.82,0.67,0.71,0.65,0.37,0.47,0.42,0.91,0.65,0.64,0.84,0.76,0.53,0.72,0.47,0.57,0.56,0.39,0.77,0.57,1,1,1,0.79,0.59,0.58,0.59,0.73,0.83,0.88,0.81,0.52,0.43,0.48,0.85,0.02,0.44,0.61,0.39,0.4,0.12,0.39,0.25,0.31,0.55,0.48,0.52,0.21,0.39,0.58,0.39,0.09,0.56,0.33,0.36,0.3,0.57,0.41,0.38,0.63,0.2,0.42,0.38,0.39,0.66
Palau,PLW,PW,0.26,0.21,0.24,0.62,0.54,0.58,0.41,0.26,0.47,,,,0,0.34,0.17,0.36,0.19,0.13,0.73,0.35,0.69,0.61,,0.65,,0.11,,,,,,,0.34,0.46,0.4,,0.51,,,,,,0,0.01,0.01,,0.86,0.61,0.79,0.46,0.32,0.61,0.7,,0.7,0.8,0.6,0.63,0.68,1,,,0.78,0.77,0.61,0.72,,1,0.06,0.53,,,
Panama,PAN,PA,0.6,0.54,0.57,0.41,0.36,0.39,0.48,0.16,0.49,0.57,0.44,0.42,0.26,0.36,0.31,0.43,0.42,0.28,0.45,0.4,0.49,0.58,0.37,0.48,0.62,0.07,0.38,0.36,0.75,0.75,0.75,0.56,0.52,0.52,0.52,0.09,0.55,0.4,0.35,0.32,0.29,0.31,0,0.02,0.01,0.37,0.69,0.56,0.68,0.51,0.31,0.55,0.77,0.68,0.73,0.62,0.78,0.92,0.77,0.35,0.5,0.43,0.63,0.6,0.68,0.64,0.61,0.94,0.26,0.6,0.61,0.62,0.43
Papua New Guinea,PNG,PG,0.67,0.5,0.59,0.55,0.55,0.55,0.57,0.43,0.73,0.7,,0.62,0.83,0.96,0.9,0.87,0.81,0.69,0.9,0.82,0.33,0.71,0.48,0.51,1,0.53,0.03,0.52,0.25,0.25,0.25,0.39,0.59,0.54,0.57,0.01,0.51,0.05,0.19,0.51,0.5,0.51,0,0.04,0.02,0.5,0.59,0.38,0.48,0.37,0.22,0.41,0.47,0.56,0.52,0.24,0.25,0.42,0.3,0.14,0.28,0.14,0.75,0.31,0.09,0.38,0.27,0.14,0.06,0.1,0.36,0.43,0.57
Paraguay,PRY,PY,0.59,0.47,0.53,0.24,0.2,0.22,0.38,0.27,0.54,0.62,0.51,0.49,0.12,0.19,0.16,0.45,0.46,0.41,0.38,0.43,0.46,0.69,0.38,0.51,0.71,0.13,0.36,0.4,0.25,0.75,0.5,0.45,0.44,0.46,0.45,0.08,0.75,0.37,0.4,,0.17,0.17,0,0,0,0.34,0.55,0.42,0.63,0.34,0.26,0.44,0.63,0.74,0.69,0.37,0.59,0.63,0.53,0.04,0.42,0.23,0.52,0.44,0.64,0.53,0.43,0.85,,0.85,0.53,0.6,0.39
Peru,PER,PE,0.76,0.68,0.72,0.54,0.48,0.51,0.62,0.22,0.45,0.51,0.42,0.4,0.24,0.57,0.41,0.47,0.26,0.36,0.5,0.4,0.43,0.61,0.35,0.46,0.42,0,0.2,0.21,0.75,0.75,0.75,0.48,0.44,0.42,0.43,0.09,0.54,0.19,0.27,0.63,0.5,0.57,0,0.06,0.03,0.38,0.63,0.45,0.55,0.48,0.32,0.49,0.69,0.8,0.75,0.53,0.65,0.65,0.61,0.07,0.43,0.25,0.56,0.51,0.63,0.57,0.48,0.94,0.16,0.55,0.55,0.59,0.5
Philippines,PHL,PH,0.89,0.71,0.8,0.88,0.85,0.87,0.84,0.35,0.59,0.6,0.57,0.53,0.27,0.46,0.37,0.37,0.33,0.35,0.44,0.37,0.54,0.65,0.4,0.53,0.38,0.21,0.37,0.32,0.25,0.25,0.25,0.29,0.5,0.5,0.5,0.49,0.07,0.28,0.28,0.57,0.38,0.48,0.67,0.08,0.38,0.41,0.58,0.47,0.35,0.49,0.32,0.44,0.64,0.7,0.67,0.36,0.59,0.54,0.5,0.44,0.66,0.55,0.47,0.18,0.63,0.43,0.49,0.89,0.3,0.6,0.52,0.56,0.61
Pitcairn Is.,PCN,PN,,,,,,,,,,,,,,,,,,,,,,,,,,,,,,,,,,,,,,,,,,,0,,,,,,,,,,,,,,,,,,,,,,,,,,0,,,,
Poland,POL,PL,0.61,0.55,0.58,0.07,0.05,0.06,0.32,0.17,0.21,0,0,0.1,0.03,0.17,0.1,0.04,0.2,0.13,0.23,0.15,0.41,0.48,0.29,0.39,0.43,0.07,0.27,0.26,0,0,0,0.13,0.03,0.09,0.06,0.5,0.48,0.23,0.4,0.23,0.28,0.26,0,0.01,0.01,0.18,0.75,0.65,0.71,0.63,0.6,0.67,0.82,0.84,0.83,0.7,0.7,1,0.8,0.1,0.77,0.44,0.84,0.78,0.78,0.8,0.68,1,1,1,0.74,0.78,0.27
Portugal,PRT,PT,0.66,0.64,0.65,0.41,0.23,0.32,0.49,0.09,0.15,0.2,0,0.11,0,0,0,0.4,0.21,0.36,0.25,0.31,0.44,0.5,0.37,0.44,0.31,0.07,0.18,0.19,0,0,0,0.1,0.19,0.18,0.19,0.43,0.55,0.39,0.46,0.48,0.38,0.43,0,0.01,0.01,0.23,0.86,0.79,0.82,0.77,0.63,0.77,0.83,0.83,0.83,0.87,0.61,1,0.83,0.39,0.72,0.56,0.71,0.81,0.86,0.79,0.73,1,0.2,0.6,0.75,0.76,0.34
Puerto Rico,PRI,PR,,,,,,,,0.12,,0.25,,,0.01,0.4,0.21,0.49,0.26,,0.3,0.35,0.2,,0.32,,,0.15,0.38,0.27,0,0,0,0.14,0.53,0.46,0.5,0.46,0.42,0.76,0.55,1,0.45,0.73,0,,,,0.68,0.69,0.68,0.48,0.46,0.6,0.8,,0.8,0.7,0.5,0.68,0.63,1,0.91,0.64,0.71,,0.7,,,0.44,0.35,0.4,,,
Qatar,QAT,QA,0.44,0.54,0.49,0.1,0.09,0.1,0.3,0.15,0.32,0.24,,0.24,0.02,0,0.01,0.32,0.55,0.31,0.04,0.31,0.39,0.62,0.01,0.34,1,0.49,0.43,0.64,0,0,0,0.32,0.9,0.78,0.84,1,,1,1,,0,0,0,0,0,0.34,0.27,0.71,0.71,0.65,0.6,0.59,1,0.91,0.96,0.65,0.8,0.73,0.73,0.7,0.87,0.79,0.5,0.78,-0.02,0.42,0.65,0.24,0.02,0.13,0.64,0.65,0.32
Reunion,REU,RE,,,,,,,,,,,,,,,,,,,,,,,,,,,,,0,0,0,,,,,,,0.34,,,0.12,0.12,0,,,,0.86,0.79,0.67,0.73,0.58,0.73,,,,,,,,1,,,,,,,,1,0,0.5,,,
Romania,ROU,RO,0.7,0.59,0.65,0.39,0.22,0.31,0.48,0.21,0.32,0.38,0,0.23,0.21,0,0.11,0.19,0.38,0.22,0.35,0.29,0.47,0.58,0.32,0.46,0.58,0.02,0.33,0.31,0.75,0.75,0.75,0.53,0.21,0.18,0.2,0.23,0.37,0.16,0.25,0.04,0.15,0.1,0,0.01,0.01,0.24,0.69,0.64,0.61,0.47,0.42,0.57,0.8,0.81,0.81,0.68,0.61,1,0.76,0.1,0.74,0.42,0.84,0.81,0.76,0.8,0.66,0.95,0.79,0.87,0.68,0.72,0.37
Russia,RUS,RU,0.77,0.72,0.75,0.18,0.12,0.15,0.45,0.31,0.32,0.35,0,0.25,0.29,0.26,0.28,0.06,0.21,0.15,0.23,0.16,0.4,0.79,0.29,0.49,0.69,0.02,0.23,0.31,1,1,1,0.66,0.09,0.13,0.11,0.14,0.51,0.06,0.24,0.09,0.06,0.08,0.47,0,0.24,0.28,0.3,0.39,0.47,0.49,0.23,0.38,0.81,0.84,0.83,0.7,0.85,0.98,0.84,0.05,0.52,0.29,0.89,0.87,0.9,0.89,0.67,0.53,0.46,0.5,0.57,0.65,0.4
Rwanda,RWA,RW,0.7,0.42,0.56,0.59,0.52,0.56,0.56,0.39,0.65,0.75,0.9,0.67,0.39,0.72,0.56,0.83,0.46,0.72,0.8,0.7,0.58,0.67,0.58,0.61,0.17,0.25,0,0.14,0.75,0.5,0.63,0.39,0.66,0.59,0.63,0.13,0.32,0.43,0.29,0.43,0.48,0.46,0.66,0.51,0.59,0.54,0.29,0.58,0.61,0.56,0.58,0.52,0.37,0.47,0.42,0.02,0.39,0.35,0.25,0.08,0.62,0.35,0.56,0.39,0.19,0.38,0.33,0.5,,0.5,0.44,0.45,0.55
Samoa,WSM,WS,0.45,0.31,0.38,0.78,0.75,0.77,0.58,0.22,0.49,0.47,0.07,0.31,0.09,0.11,0.1,0.17,0.46,0.28,0.7,0.4,0.64,0.57,0.55,0.59,0.78,0.21,0.43,0.47,,,,,0.3,0.18,0.24,,0.51,0.6,,,0,0,0,0,0,,0.75,0.74,0.84,0.63,0.58,0.71,0.57,0.69,0.63,0.38,0.34,0.69,0.47,0.48,0.57,0.35,0.46,0.51,0.35,0.44,0.42,0.39,0.03,0.21,0.56,,
San Marino,SMR,SM,0.34,0.37,0.36,0.47,0.42,0.45,0.41,0,0.05,,,,,,,,0.32,,0.5,,,0.49,,,,0.07,,,,,,,0.34,0.34,0.34,,,,,,,,0,0,0,,0.85,0.75,0.79,,,,,0.99,0.99,0.87,0.61,1,0.83,0,,,0.74,0.88,1,0.87,,0,,,,,
Sao Tome & Principe,STP,ST,0,0,0,0,0,0,0,0.4,0.62,0.65,0.47,0.54,0.67,0.25,0.46,0.79,0.4,0.57,0.71,0.62,,0.7,0.66,0.68,0.62,0.31,0.49,0.47,,,,,0.62,0.69,0.66,0.05,0.51,0.03,0.2,,0,0,0,0.01,0.01,0.4,0.64,0.41,0.65,0.35,0.46,0.5,0.45,0.59,0.52,0.3,0.46,0.44,0.4,1,0.55,0.52,0.68,0.57,0.34,0.53,0.48,0,0,0,0.45,0.53,0
Saudi Arabia,SAU,SA,0.69,0.69,0.69,0.27,0.24,0.26,0.48,0.23,0.31,0.23,0.27,0.26,0,0.26,0.13,0.45,0.18,0.33,0.18,0.29,0.4,0.62,0.23,0.42,0.51,0.46,0.79,0.59,1,1,1,0.8,0.66,0.6,0.63,1,0.51,0.01,0.51,0.07,0.14,0.11,0.82,0,0.41,0.4,0.15,0.58,0.48,0.55,0.51,0.45,0.93,1,0.97,0.56,0.65,0.62,0.61,0.31,0.79,0.55,0.67,0.76,0.78,0.74,0.63,1,0.27,0.64,0.63,0.62,0.43
Senegal,SEN,SN,0.62,0.38,0.5,0.18,0.14,0.16,0.33,0.39,0.68,0.76,0.51,0.59,0.54,0.69,0.62,0.94,0.64,0.8,0.74,0.78,0.59,0.5,0.67,0.59,0.14,0.19,0.38,0.24,1,0.5,0.75,0.5,0.72,0.72,0.72,0.32,0.57,0.29,0.39,,0.04,0.04,0,0.03,0.02,0.47,0.64,0.52,0.59,0.44,0.41,0.52,0.41,,0.41,0.23,0.53,0.27,0.34,0.05,0.29,0.17,0.25,0.22,0.11,0.19,0.23,1,0.26,0.63,0.42,0.48,0.41
Serbia,SRB,RS,0.65,0.46,0.56,0.4,0.43,0.42,0.49,0.22,0.26,0.28,0.27,0.26,0.04,0.09,0.07,0.19,0.3,0.22,0.28,0.25,0.53,0.66,0.34,0.51,0.3,0.02,0.29,0.2,0.75,0.75,0.75,0.48,0.21,0.12,0.17,0.21,0.5,0.18,0.3,0.76,0.32,0.54,0,0.06,0.03,0.29,0.59,0.51,0.62,0.54,0.35,0.52,0.7,0.78,0.74,0.82,0.67,1,0.83,0.09,0.63,0.36,0.82,0.74,0.84,0.8,0.66,0.37,,0.37,0.59,0.65,0.41
Seychelles,SYC,SC,0.02,0.01,0.02,0.01,0,0.01,0.02,0.25,0.46,,,,0.02,0.32,0.17,0.54,0.3,0.33,0.42,0.4,0.6,0.64,0.27,0.5,0.56,0.15,,0.36,,,,,0.51,0.56,0.54,,0.51,0.33,,,0,0,0,0,0,,0.61,0.58,0.74,0.59,0.59,0.62,0.82,0.91,0.87,0.69,0.95,1,0.88,1,0.92,0.64,0.73,0.73,0.56,0.67,0.73,0.81,0.01,0.41,0.68,,
Sierra Leone,SLE,SL,0.6,0.27,0.44,0.28,0.26,0.27,0.36,0.72,0.88,1,0.78,0.85,0.89,0.83,0.86,0.96,0.76,0.77,0.88,0.84,0.72,0.8,0.62,0.71,0.74,0.11,0.03,0.29,0,0.5,0.25,0.27,0.62,0.65,0.64,0.02,0.22,0.15,0.13,0.55,0.76,0.66,0,0.01,0.01,0.55,0.51,0.39,0.61,0.26,0.29,0.41,0.3,0.44,0.37,0.05,0.46,0.13,0.21,0.04,0.4,0.22,0.28,0.22,0.04,0.18,0.2,0.55,0.15,0.35,0.33,0.39,0.47
Singapore,SGP,SG,0.48,0.45,0.47,0.07,0.07,0.07,0.27,0.05,0.07,0.2,,0.11,0,0,0,0.33,0.04,0.19,0.14,0.18,0.23,0.53,0.22,0.33,0.52,0.02,0.23,0.26,0.75,0.25,0.5,0.38,0.39,0.34,0.37,,0.51,0.25,,,0,0,0,0,0,0.17,0.52,0.94,0.92,0.95,0.92,0.85,1,1,1,0.81,0.8,1,0.87,1,1,1,0.64,0.83,0.76,0.74,0.87,0.31,0.27,0.29,0.83,0.83,0.21
Slovakia,SVK,SK,0.54,0.53,0.54,0.17,0.12,0.15,0.35,0.18,0.24,0.11,0.03,0.14,0.01,0,0.01,,0.38,0.12,0.17,0.22,0.42,0.5,0.27,0.4,0.59,0.02,0.25,0.29,0.25,0.5,0.38,0.34,0.06,0.03,0.05,0.13,0.51,0.15,0.26,,0,0,0,0.02,0.01,0.16,0.79,0.68,0.78,0.67,0.48,0.68,0.84,0.68,0.76,0.61,0.7,1,0.77,0.14,0.74,0.44,0.82,0.79,0.78,0.8,0.67,1,,1,0.73,0.79,0.27
Slovenia,SVN,SI,0.56,0.48,0.52,0.43,0.17,0.3,0.41,0.09,0.01,0.18,0,0.07,0.01,0.06,0.04,0.06,0.19,0.14,0.2,0.15,0.36,0.46,0.34,0.39,0.24,0.04,0.16,0.15,0,0,0,0.08,0.05,0.19,0.12,0.26,0.51,0.4,0.39,,0.16,0.16,0,0.01,0.01,0.16,0.81,0.77,0.78,0.74,0.62,0.74,0.85,0.64,0.75,0.8,0.63,1,0.81,0.29,0.85,0.57,0.77,0.88,0.83,0.83,0.74,1,,1,0.77,0.81,0.28
Solomon Is.,SLB,SB,0.52,0.35,0.44,0.79,0.89,0.84,0.64,0.31,0.54,0.6,0.54,0.5,0.72,0.66,0.69,0.69,0.62,0.62,0.89,0.71,0.52,0.68,0.56,0.59,0.96,0.11,0.24,0.44,,,,,0.59,0.74,0.67,,0.54,0.08,,0.66,0.69,0.68,0,0.01,0.01,,0.68,0.51,0.64,0.3,0.46,0.52,0.37,0.72,0.55,0.18,0.41,0.5,0.36,0.42,,,0.52,0.54,0.25,0.44,,0.09,0.02,0.06,,,
Somalia,SOM,SO,0.57,0.25,0.41,0.12,0.1,0.11,0.26,0.62,0.88,0.9,,0.8,0.79,0.99,0.89,,,0.87,0.98,,0.91,,0.78,,0.49,0.96,0.82,0.76,0.75,0.75,0.75,0.76,0.72,0.75,0.74,0.53,0.65,0.1,0.43,,0.25,0.25,0.89,0.97,0.93,,0.13,0.06,0.13,0.05,0.03,0.08,,0.14,0.14,0.07,0.25,0.4,0.24,0.01,0.18,0.1,0.44,0.04,0.04,0.17,0.17,0.03,0,0.02,0.11,,
South Africa,ZAF,ZA,0.76,0.69,0.73,0.34,0.33,0.34,0.54,0.48,0.65,0.63,0.3,0.52,0.34,0.41,0.38,0.46,0.38,0.29,0.45,0.4,0.44,0.72,0.35,0.5,0.14,0.19,0.25,0.19,0,0.25,0.13,0.16,0.45,0.52,0.49,0.58,0.51,0.12,0.4,0.48,0.14,0.31,0,0.05,0.03,0.35,0.72,0.55,0.55,0.56,0.43,0.56,0.69,0.71,0.7,0.45,0.87,1,0.77,0.12,0.6,0.36,0.68,0.77,0.55,0.67,0.6,0.39,0.87,0.63,0.61,0.63,0.45
South Georgia & the South Sandwich Is.,SGS,GS,,,,,,,,,,,,,,,,,,,,,,,,,,,,,,,,,,,,,,,,,,,0,,,,,,,,,,,,,,,,,,,,,,,,,,,,,,
South Korea,KOR,KR,0.78,0.79,0.79,0.45,0.51,0.48,0.64,0.07,0.13,0.21,0,0.1,0,0.22,0.11,,0.21,0.14,0.03,0.13,0.4,0.61,0.21,0.41,0.64,0,0.32,0.32,0,0,0,0.16,0.21,0.16,0.19,0.63,0.52,0.8,0.65,0.13,0.11,0.12,0,0,0,0.21,0.74,0.8,0.66,0.72,0.54,0.69,0.88,0.94,0.91,0.9,0.67,0.85,0.81,0.56,0.77,0.67,0.96,0.82,0.77,0.85,0.78,0.45,0.25,0.35,0.73,0.76,0.39
South Sudan,SSD,SS,0.69,0.43,0.56,0.49,0.43,0.46,0.51,0.61,0.82,0.92,,0.78,0.96,0.86,0.91,1,,0.67,0.93,0.87,0.51,0.78,0.64,0.64,0.4,0.84,0.04,0.43,0,0,0,0.22,0.73,0.75,0.74,0.14,,0.28,,,0,0,0.92,0.91,0.92,0.64,0.12,0.14,0.1,0,0.04,0.08,0.26,0.19,0.23,0,0.06,0.02,0.03,0,,,,,,,,0.83,,0.83,,,
Spain,ESP,ES,0.73,0.7,0.72,0.28,0.11,0.2,0.46,0.05,0.11,0.08,0,0.06,0,0,0,0.25,0.09,0.31,0.14,0.2,0.42,0.37,0.34,0.38,0.2,0.02,0.2,0.14,0.5,0.75,0.63,0.39,0.05,0.09,0.07,0.59,0.48,0.25,0.44,0.1,0.1,0.1,0.26,0.01,0.14,0.2,0.81,0.77,0.66,0.71,0.54,0.7,0.87,0.77,0.82,0.85,0.61,1,0.82,0.22,0.8,0.51,0.69,0.77,0.9,0.79,0.71,1,0.28,0.64,0.72,0.76,0.33
Sri Lanka,LKA,LK,0.73,0.59,0.66,0.5,0.46,0.48,0.57,0.22,0.35,0.38,0.5,0.36,0.05,0.32,0.19,0.54,0.39,0.23,0.67,0.46,0.51,0.66,0.34,0.5,0.88,0.11,0.58,0.52,1,1,1,0.76,0.36,0.35,0.36,0.55,0.55,0.23,0.44,0.68,0.58,0.63,0,0.06,0.03,0.41,0.55,0.57,0.59,0.47,0.33,0.5,0.68,0.62,0.65,0.59,0.72,0.69,0.67,0.18,0.79,0.49,0.73,0.63,0.56,0.64,0.6,0.91,0.02,0.47,0.56,0.58,0.49
St. Helena,SHN,SH,,,,,,,,,,,,,,,,0.39,,,,,,,,,,,,,,,,,,,,,,0.04,,,,,0,,,,,,,,,,,,,,,,,1,,,,,,,,1,0,0.5,,,
St. Kitts & Nevis,KNA,KN,0.34,0.34,0.34,0.84,0.76,0.8,0.57,0.24,0.45,,,,0.13,0.17,0.15,,0.32,0.41,0.22,0.32,0.44,0.58,,0.51,,,,,,,,,0.37,0.27,0.32,0.67,0.51,0.33,0.5,0.67,0,0.34,0,0.04,0.02,,0.8,0.67,0.73,0.62,0.55,0.67,0.81,0.93,0.87,0.78,0.75,0.96,0.83,1,0.92,0.64,0.63,0.81,0.79,0.74,0.74,0.63,0.05,0.34,0.7,,
St. Lucia,LCA,LC,0.48,0.42,0.45,1,0.91,0.96,0.71,0.21,0.5,0.46,,0.39,0.1,0.29,0.2,,0.44,0.38,0.52,0.45,,0.61,0.23,0.42,0.66,0.02,0.21,0.3,,,,,0.2,0.22,0.21,0.46,0.54,0.6,0.53,,0,0,0,0.17,0.09,0.29,0.8,0.68,0.83,0.56,0.57,0.69,0.69,0.79,0.74,0.68,0.53,0.64,0.62,1,0.83,0.61,0.52,0.56,0.16,0.41,0.55,0.62,0.01,0.32,0.62,0.67,0.48
St. Pierre & Miquelon,SPM,PM,,,,,,,,,,,,,,,,,,,,,,,,,,,,,,,,,,,,,,0.02,,,,,0,0.01,0.01,,,,,,,,,,,,,,,1,,,,,,,,0.11,0,0.06,,,
St. Vincent & the Grenadines,VCT,VC,0.39,0.31,0.35,0.74,0.67,0.71,0.53,0.26,0.5,0.44,0.28,0.37,0.25,0.35,0.3,,0.39,0.4,0.33,0.37,0.58,0.49,0.29,0.45,0.73,0.09,0.3,0.37,,,,,0.05,0.29,0.17,0.37,0.51,0.36,0.41,0.54,0,0.27,0,0.28,0.14,0.31,0.79,0.65,0.78,0.56,0.6,0.68,0.67,0.78,0.73,0.67,0.57,0.61,0.62,1,0.87,0.62,0.66,0.73,0.48,0.62,0.62,0.79,0.06,0.43,0.65,0.67,0.42
State of Palestine,PSE,PS,,,,,,,,0.26,0.54,0.44,,0.41,0.08,0.86,0.47,0.34,0.41,0.36,0.38,0.37,0.79,,0.56,,,0.21,0.8,0.51,0,0,0,0.26,0.72,0.66,0.69,0.66,,0.33,0.5,,0.09,0.09,0,0.58,0.29,0.39,0.31,0.46,0.27,0.42,0.42,0.38,0.54,,0.54,0.53,0.45,0.75,0.58,0.1,0.71,0.41,0.5,,0.53,,,0,,0,,,
Sudan,SDN,SD,0.68,0.43,0.56,0.19,0.17,0.18,0.37,0.45,0.74,0.76,0.78,0.68,0.78,0.88,0.83,0.78,0.67,0.75,0.71,0.73,0.47,0.86,0.62,0.65,0.36,0.04,0.73,0.38,1,1,1,0.69,0.64,0.63,0.64,0.72,1,0.29,0.67,,0.33,0.33,0.83,0.6,0.72,0.66,0.12,0.32,0.19,0.22,0.08,0.19,0.51,0.17,0.34,0.07,0.38,0.13,0.19,0.01,0,0.01,0.42,0.46,0.38,0.42,0.21,0.1,0.01,0.06,0.21,0.28,0.52
Suriname,SUR,SR,0.41,0.31,0.36,0.24,0.19,0.22,0.29,0.3,0.54,0.65,0.38,0.47,0.21,0.36,0.29,0.41,0.47,0.41,0.54,0.46,0.37,0.63,0.33,0.44,0.46,0.62,0.4,0.49,0,0,0,0.25,0.35,0.29,0.32,0.08,0.51,0.26,0.28,,0,0,0,0.01,0.01,0.28,0.67,0.52,0.63,0.38,0.39,0.52,0.71,0.7,0.71,0.64,0.76,0.64,0.68,0.26,0.51,0.39,0.7,0.77,0.62,0.7,0.59,0.65,0.32,0.49,0.58,0.65,0.32
Svalbard,SJM,SJ,,,,,,,,,,,,,,,,,,,,,,,,,,,,,,,,,,,,,,,,,,,0,,,,,,,,,,,,,,,,,1,,,,,,,,1,0.32,0.66,,,
Sweden,SWE,SE,0.49,0.54,0.52,0.04,0.04,0.04,0.28,0.06,0.08,0.05,0,0.05,0.01,0,0.01,,0.07,0.12,0.02,0.07,0.41,0.51,0.42,0.45,0.09,0.25,0.11,0.15,0,0,0,0.08,0.4,0.41,0.41,0.16,0.51,0.38,0.35,0.07,0,0.04,0.5,0.41,0.46,0.21,0.95,0.97,0.8,0.88,0.92,0.9,0.93,0.92,0.93,0.76,0.67,1,0.81,1,1,1,0.66,0.94,0.97,0.86,0.89,0.68,0.76,0.72,0.89,0.84,0.21
Switzerland,CHE,CH,0.56,0.67,0.62,0.14,0.11,0.13,0.38,0.04,0.19,0.08,0,0.08,0,0,0,,0.28,0.05,0.05,0.13,0.35,0.18,0.33,0.29,0.33,0.09,0.16,0.19,1,0.5,0.75,0.47,0.4,0.35,0.38,0.26,0.47,0.68,0.47,,0.03,0.03,0,0.25,0.13,0.22,0.94,0.96,0.85,0.92,0.89,0.91,0.96,1,0.98,0.86,0.71,1,0.86,0.5,0.89,0.7,0.78,1,0.91,0.9,0.82,0.64,,0.64,0.87,0.83,0.25
Syria,SYR,SY,0.72,0.58,0.65,0.47,0.44,0.46,0.56,0.31,0.49,0.51,,0.44,0.04,0.5,0.27,0.65,0.64,0.65,0.68,0.66,0.44,,0.51,,0.72,0,0.91,0.54,1,0.75,0.88,0.71,0.62,0.54,0.58,0.75,0.51,0.19,0.48,,0.08,0.08,1,1,1,0.53,0.08,0.11,0.07,0.14,0.07,0.09,0.41,0.72,0.57,0.62,0.46,0.31,0.46,0.16,0.6,0.38,0.55,0.59,0.62,0.59,0.48,0.04,0.08,0.06,0.3,0.39,0.58
Tajikistan,TJK,TJ,0.67,0.44,0.56,0.52,0.47,0.5,0.53,0.31,0.65,0.39,,0.45,0.05,0.74,0.4,0.04,0.47,0.27,0.79,0.39,0.68,0.76,0.46,0.63,0.6,0.21,0.42,0.41,0.75,0.75,0.75,0.58,0.61,0.57,0.59,0.67,0.5,0.35,0.51,0.28,0.3,0.29,0,0.03,0.02,0.43,0.14,0.27,0.47,0.28,0.12,0.26,0.47,0.52,0.5,0.42,0.58,0.37,0.46,0.09,0.58,0.34,0.78,0.77,0.7,0.75,0.52,0.64,,0.64,0.42,0.5,0.51
Tanzania,TZA,TZ,0.74,0.46,0.6,0.31,0.29,0.3,0.45,0.41,0.71,0.8,0.86,0.7,0.87,0.88,0.88,0.76,0.66,0.6,0.87,0.72,0.48,0.7,0.74,0.64,0.25,0.02,0.1,0.12,0.5,0,0.25,0.19,0.74,0.84,0.79,0.31,0.6,0.34,0.42,0.56,0.19,0.38,0.03,0.14,0.09,0.53,0.49,0.46,0.48,0.38,0.32,0.43,0.43,0.45,0.44,0.04,0.37,0.38,0.26,0.02,0.35,0.19,0.39,0.27,0.03,0.23,0.23,1,0.46,0.73,0.4,0.44,0.5
Thailand,THA,TH,0.83,0.74,0.79,0.64,0.54,0.59,0.69,0.22,0.37,0.31,0.43,0.33,0.07,0.21,0.14,0.51,0.27,0.47,0.46,0.43,0.31,0.58,0.23,0.37,0.9,0.09,0.24,0.41,0.25,0.25,0.25,0.33,0.16,0.49,0.33,0.45,0.48,0.18,0.37,0.58,0.25,0.42,0.42,0.02,0.22,0.33,0.31,0.56,0.45,0.58,0.34,0.45,0.73,0.84,0.79,0.37,0.94,0.77,0.69,0.08,0.56,0.32,0.62,0.59,0.53,0.58,0.53,0.77,0.36,0.57,0.55,0.61,0.52
The Bahamas,BHS,BS,0.51,0.55,0.53,0.84,0.76,0.8,0.67,0.21,0.29,0.54,,0.35,0.08,0.16,0.12,,0.47,0.22,0.19,0.29,0.52,0.56,0.25,0.44,0.74,0.13,0.16,0.34,,,,,0.42,0.38,0.4,,0.51,0.17,,0.79,0.68,0.74,0,0.05,0.03,,0.77,0.59,0.8,0.62,0.7,0.7,0.83,0.83,0.83,0.77,0.48,0.88,0.71,1,0.69,0.56,0.68,0.71,0.73,0.71,0.66,0.78,0.06,0.42,0.69,,
The Gambia,GMB,GM,0.55,0.27,0.41,0.41,0.38,0.4,0.41,0.52,0.73,0.9,0.45,0.65,0.42,0.5,0.46,0.93,0.62,0.77,0.81,0.78,0.62,0.72,0.73,0.69,0.79,0.11,0.26,0.39,0,0,0,0.2,0.74,0.75,0.75,0.13,0.47,0.38,0.33,,0,0,0,0.38,0.19,0.45,0.4,0.46,0.56,0.37,0.28,0.41,0.34,0.46,0.4,0.24,0.75,0.47,0.49,0.12,0.54,0.33,0.49,0.52,0.16,0.39,0.4,0.23,0,0.12,0.38,0.47,0.47
Timor-Leste,TLS,TL,0.58,0.45,0.52,0.78,0.69,0.74,0.63,0.35,0.73,0.7,0.81,0.65,0.61,0.76,0.69,0.85,0.41,0.7,0.74,0.68,0.77,0.65,0.71,0.71,0.31,0.17,0.57,0.35,0,0,0,0.18,0.63,0.68,0.66,0.46,0.7,0.53,0.56,0.35,0,0.18,0,0,0,0.48,0.64,0.31,0.61,0.3,0.31,0.43,0.59,0.63,0.61,0.04,0.64,0.3,0.33,0.13,,,0.83,0.48,0.5,0.6,,0.51,0.29,0.4,,,
Togo,TGO,TG,0.58,0.33,0.46,0.22,0.19,0.21,0.34,0.54,0.77,0.79,0.63,0.68,0.91,0.83,0.87,0.88,0.42,0.67,0.87,0.71,0.62,0.58,0.62,0.61,0.63,0.53,0.04,0.4,0.5,0,0.25,0.33,0.67,0.72,0.7,0.13,1,0.19,0.44,,0,0,0,0.09,0.05,0.49,0.41,0.4,0.45,0.27,0.27,0.36,0.33,,0.33,0.09,0.43,0.21,0.24,0.04,0.45,0.25,0.39,0.19,0.08,0.22,0.24,0.98,0,0.49,0.33,0.42,0.44
Tokelau,TKL,TK,,,,,,,,,,,,,,,,,0.37,,,,,,,,,0.04,,,,,,,,,,,,,,,,,0,,,,,,,,,,,,,,,,,,,,,,,,,0.46,0,0.23,,,
Tonga,TON,TO,0.4,0.28,0.34,0.75,0.78,0.77,0.56,0.27,0.48,0.61,,0.45,0.09,0.05,0.07,0.11,0.3,0.21,0.59,0.3,0.88,0.57,0.53,0.66,0.92,0.13,0.43,0.49,,,,,0.24,0.14,0.19,,,0.23,,0.81,0.36,0.59,0,0.04,0.02,,0.71,0.62,0.76,0.46,0.39,0.59,0.56,0.79,0.68,0.55,0.4,0.64,0.53,1,0.82,0.61,0.66,0.7,0.43,0.6,0.58,0.9,0.32,0.61,0.61,,
Trinidad & Tobago,TTO,TT,0.58,0.56,0.57,0.79,0.72,0.76,0.67,0.32,0.6,0.5,0.23,0.41,0.09,0.35,0.22,0.17,0.5,0.23,0.25,0.29,,0.73,0.27,0.5,0.36,0.15,0.34,0.28,0,0,0,0.14,0.18,0.09,0.14,0.38,0.42,0.41,0.4,0.12,0,0.06,0,0.02,0.01,0.24,0.7,0.53,0.66,0.56,0.35,0.56,0.84,0.93,0.89,0.67,0.8,0.68,0.72,0.88,0.81,0.56,0.69,0.67,0.8,0.72,0.67,0.99,0.02,0.51,0.65,0.71,0.44
Tunisia,TUN,TN,0.59,0.48,0.54,0.15,0.13,0.14,0.34,0.21,0.44,0.5,0.23,0.35,0.09,0.21,0.15,0.72,0.35,0.5,0.44,0.5,0.56,0.69,0.3,0.52,0.35,0.23,0.73,0.44,0,0.25,0.13,0.29,0.4,0.43,0.42,0.72,0.38,0.11,0.4,0.29,0.12,0.21,0.68,0.01,0.35,0.35,0.61,0.57,0.39,0.49,0.41,0.49,0.66,0.66,0.66,0.53,0.67,0.65,0.62,0.2,0.47,0.34,0.63,0.62,0.63,0.63,0.53,0.18,0.2,0.19,0.51,0.58,0.38
Turkey,TUR,TR,0.81,0.68,0.75,0.45,0.21,0.33,0.54,0.2,0.41,0.28,0,0.22,0.05,0,0.03,0.38,0.15,0.44,0.34,0.33,0.49,0.75,0.32,0.52,0.7,0.04,0.6,0.45,1,0.5,0.75,0.6,0.5,0.55,0.53,0.51,0.39,0.32,0.41,0.26,0.06,0.16,0.65,0.28,0.47,0.36,0.39,0.5,0.24,0.52,0.39,0.41,0.81,0.76,0.79,0.61,0.52,0.98,0.7,0.12,0.6,0.36,0.67,0.62,0.7,0.66,0.57,0.01,0.03,0.02,0.5,0.57,0.48
Turkmenistan,TKM,TM,0.6,0.44,0.52,0.32,0.31,0.32,0.42,0.38,0.73,0.43,0.27,0.45,0.38,0.85,0.62,0.06,0.56,0.31,0.82,0.44,0.18,0.73,0.37,0.43,0.47,0.09,0.35,0.3,1,1,1,0.65,0.54,0.58,0.56,0.8,0.51,0.09,0.47,,0,0,0,0.01,0.01,0.4,0.04,0.24,0.57,0.26,0.09,0.24,0.74,0.61,0.68,0.57,0.81,0.21,0.53,0.13,0.49,0.31,0.87,0.75,0.77,0.8,0.55,0.19,,0.19,0.42,0.51,0.45
Turks & Caicos Is.,TCA,TC,,,,0,,,,,,,,,0.19,0.56,0.38,,,,,,,,,,,,,,,,,,0.54,0.52,0.53,,0.51,,,,,,0,0.01,0.01,,,,,,,,,,,0.57,0.54,0.8,0.64,1,,,,,,,,0.89,0.03,0.46,,,
Tuvalu,TUV,TV,0,0,0,0,0,0,0,0.36,0.58,,,,0.17,0.21,0.19,,0.48,,0.53,,,0.64,,,,0.49,,,,,,,0.32,0.56,0.44,,,0,,,,,0,0.01,0.01,,0.82,0.67,0.86,0.35,0.44,0.63,0.57,,0.57,0.66,0.37,,0.52,1,,,0.81,0.79,0.55,0.72,,0.15,0,0.08,,,
Uganda,UGA,UG,0.69,0.41,0.55,0.31,0.26,0.29,0.42,0.55,0.7,0.78,0.95,0.75,0.83,0.68,0.76,0.76,0.54,0.58,0.78,0.67,0.52,0.7,0.81,0.68,0.29,0.37,0.12,0.26,0,0.5,0.25,0.26,0.77,0.88,0.83,0.12,1,0.5,0.54,0.09,0.17,0.13,0.39,0.02,0.21,0.54,0.42,0.49,0.49,0.39,0.19,0.4,0.35,0.45,0.4,0.11,0.31,0.36,0.26,0.02,0.53,0.28,0.33,0.34,0.14,0.27,0.27,0.95,,0.95,0.42,0.44,0.48
Ukraine,UKR,UA,0.69,0.56,0.63,0.17,0.13,0.15,0.39,0.29,0.35,0.34,0.09,0.27,0.04,0.3,0.17,0.04,0.23,0.2,0.46,0.23,0.51,0.84,0.3,0.55,0.76,0.04,0.27,0.36,0.25,0.25,0.25,0.31,0.15,0.08,0.12,0.38,0.48,0.05,0.3,,0.16,0.16,0.8,0.35,0.58,0.3,0.56,0.4,0.22,0.41,0.25,0.37,0.62,0.63,0.63,0.65,0.72,1,0.79,0.07,0.54,0.31,0.91,0.83,0.83,0.86,0.65,0.24,0.51,0.38,0.51,0.61,0.39
United Arab Emirates,ARE,AE,0.57,0.61,0.59,0.16,0.15,0.16,0.38,0.17,0.36,0.11,0,0.16,0.02,0.05,0.04,0.48,0.52,0.24,0.03,0.32,0.19,0.61,0.01,0.27,0.15,0.13,0.62,0.3,0,0,0,0.15,0.39,0.41,0.4,1,0.47,0.88,0.78,,0,0,0,0,0,0.24,0.29,0.72,0.73,0.79,0.69,0.64,0.99,0.97,0.98,0.73,1,0.86,0.86,0.98,0.55,0.77,0.5,0.65,0.78,0.64,0.76,0.98,0.9,0.94,0.77,0.77,0.3
United Kingdom,GBR,GB,0.64,0.66,0.65,0.07,0.05,0.06,0.36,0.08,0.19,0.18,0,0.11,0.01,0,0.01,,0.1,0.09,0.04,0.08,0.46,0.55,0.39,0.47,0.34,0.23,0.19,0.25,0.75,0.75,0.75,0.5,0.29,0.32,0.31,0.31,0.44,0.56,0.44,0.32,0.02,0.17,0,0.06,0.03,0.24,0.89,0.91,0.65,0.79,0.85,0.82,0.89,0.81,0.85,0.89,0.64,1,0.84,0.83,0.85,0.84,0.67,0.87,0.81,0.78,0.82,1,0.71,0.86,0.83,0.8,0.27
United States,USA,US,0.88,0.93,0.91,0.36,0.27,0.32,0.62,0.13,0.29,0.25,0,0.17,0,0.09,0.05,,0.2,0.05,0.22,0.16,0.47,0.56,0.35,0.46,0.6,0.02,0.2,0.27,0.25,0.25,0.25,0.26,0.29,0.31,0.3,0.45,0.5,0.21,0.39,0.64,0.25,0.45,0.16,0.03,0.1,0.26,0.82,0.9,0.66,0.82,0.75,0.79,0.95,0.76,0.86,0.82,0.65,1,0.82,0.85,0.87,0.86,0.68,0.9,0.8,0.79,0.82,0.57,0.83,0.7,0.8,0.77,0.38
Uruguay,URY,UY,0.43,0.37,0.4,0.06,0.05,0.06,0.23,0.17,0.33,0.26,0,0.19,0.04,0.04,0.04,0.21,0.25,0.39,0.32,0.29,0.42,0.76,0.38,0.52,0.59,0.29,0.27,0.38,0,0,0,0.19,0.16,0.17,0.17,0.19,0.34,0.5,0.34,0.56,0.18,0.37,0,0,0,0.23,0.85,0.68,0.82,0.59,0.73,0.73,0.78,0.89,0.84,0.79,0.79,0.84,0.81,0.13,0.64,0.39,0.67,0.78,0.96,0.8,0.67,0.21,0.1,0.16,0.68,0.73,0.25
Uzbekistan,UZB,UZ,0.74,0.57,0.66,0.44,0.45,0.45,0.56,0.3,0.57,0.41,0.37,0.41,0,0.56,0.28,0,0.49,0.19,0.52,0.3,0.46,0.79,0.31,0.52,0.67,0.02,0.34,0.34,0.75,0.75,0.75,0.55,0.52,0.41,0.47,0.78,0.55,0.29,0.54,,0,0,0,0.01,0.01,0.34,0.12,0.32,0.54,0.39,0.16,0.31,0.58,0.41,0.5,0.56,0.41,0.64,0.54,0.11,0.6,0.36,0.75,0.95,0.78,0.83,0.58,0.2,,0.2,0.42,0.54,0.51
Vanuatu,VUT,VU,0.47,0.34,0.41,0.86,0.87,0.87,0.64,0.28,0.6,0.54,0.35,0.44,0.43,0.37,0.4,0.67,0.54,0.53,0.76,0.63,0.46,0.61,0.5,0.52,1,0.13,0.25,0.46,,,,,0.61,0.58,0.6,,0.51,0.46,,1,0.68,0.84,0,0,0,,0.73,0.66,0.74,0.32,0.43,0.58,0.45,0.76,0.61,0.18,0.44,0.63,0.42,0.47,0.36,0.28,0.59,0.59,0.23,0.47,0.39,0.24,0,0.12,0.48,,
Vatican City,VAT,VA,0.29,0.35,0.32,0.47,0.42,0.45,0.39,,,,,,,,,,,,,,,,,,,,,,,,,,,,,,,,,,,,0,,,,,,,,,,,,,,,,,0,,,,,,,,,,,,,
Venezuela,VEN,VE,0.79,0.74,0.77,0.7,0.63,0.67,0.72,0.23,0.62,0.57,0.52,0.49,0.06,0.42,0.24,0.33,0.3,0.28,0.39,0.33,0.58,1,0.35,0.64,0.54,0.17,0.38,0.36,0.75,0.75,0.75,0.56,0.45,0.39,0.42,0.17,0.55,0.44,0.39,,0.01,0.01,0,0.21,0.11,0.35,0.27,0.07,0.36,0.22,0.12,0.21,0.67,0.6,0.64,0.67,0.41,0.67,0.58,0.22,0.48,0.35,0.42,0.45,0.72,0.53,0.49,1,0.4,0.7,0.43,0.54,0.58
Vietnam,VNM,VN,0.82,0.64,0.73,0.45,0.4,0.43,0.58,0.19,0.53,0.47,0.49,0.42,0.23,0.22,0.23,0.45,0.54,0.43,0.53,0.49,0.42,0.66,0.26,0.45,0.45,0.21,0.13,0.26,0.5,1,0.75,0.51,0.39,0.65,0.52,0.39,0.39,0.4,0.39,0.78,0.31,0.55,0,0.1,0.05,0.4,0.22,0.57,0.66,0.5,0.3,0.45,0.57,0.66,0.62,0.39,0.67,0.87,0.64,0.05,0.61,0.33,0.66,0.5,0.53,0.56,0.51,0.77,0.43,0.6,0.52,0.56,0.51
Virgin Is.,VIR,VI,0.36,0.33,0.35,0.47,0.42,0.45,0.4,0.13,,,,,0.04,0,0.02,,,,0.39,,0.45,,0.46,,,,0.13,,,,,,0.08,0.01,0.05,,0.58,0.89,,,0.65,0.65,0,,,,0.75,0.69,0.81,0.67,0.58,0.7,,,,0.97,0.4,0.84,0.74,1,,,1,,0.69,,,0.87,0.22,0.55,,,
Wake I.,,,,,,,,,,,,,,,,,,,,,,,,,,,,,,,,,,,,,,,,,,,,,,,,,,,,,,,,,,,,,,,,,,,,,,,,,,,
Wallis & Futuna,WLF,WF,,,,,,,,,,,,,,,,,,,,,,,,,,,,,,,,,,,,,,0.12,,,,,0,0,0,,,,,,,,,,,,,,,1,,,,,,,,0.01,0,0.01,,,
Western Sahara,ESH,EH,0.19,0.03,0.11,0.01,0.01,0.01,0.06,,,,,,,,,,,,,,,,,,,,,,,,,,,,,,,0,,,0,0,0,1,0.5,,,,,,,,,,,,,,,0.31,,,,,,,,,,,,,
Yemen,YEM,YE,0.72,0.51,0.62,0.39,0.35,0.37,0.5,0.44,0.74,0.8,0.89,0.72,0.48,0.88,0.68,0.83,0.62,0.8,0.75,0.75,0.69,0.75,0.57,0.67,1,0.53,1,0.84,0,0,0,0.42,0.66,0.76,0.71,0.87,0.51,0.12,0.5,0.52,0.29,0.41,0.9,0.73,0.82,0.63,0.15,0.18,0,0.11,0.06,0.1,0.3,0.56,0.43,0.37,0.32,0.18,0.29,0.05,0.51,0.28,0.39,0.37,0.33,0.36,0.31,0.05,0.58,0.32,0.25,0.31,0.59
Zambia,ZMB,ZM,0.68,0.48,0.58,0.38,0.34,0.36,0.47,0.5,0.73,0.71,0.97,0.73,0.58,0.81,0.7,0.88,0.66,0.51,0.74,0.7,0.46,0.74,0.71,0.64,0.63,0.76,0.13,0.51,0,0.25,0.13,0.32,0.73,0.76,0.75,0.15,0.55,0.09,0.26,,0,0,0,0.07,0.04,0.46,0.48,0.48,0.62,0.38,0.31,0.45,0.48,0.5,0.49,0.1,0.42,0.45,0.32,0.01,0.32,0.17,0.61,0.4,0.14,0.38,0.29,1,,1,0.47,0.51,0.48
Zimbabwe,ZWE,ZW,0.67,0.41,0.54,0.33,0.31,0.32,0.43,0.51,0.7,0.82,0.99,0.76,0.65,0.71,0.68,0.65,0.58,0.43,0.76,0.61,0.57,0.26,0.61,0.48,0.33,0.04,0.13,0.17,1,1,1,0.59,0.63,0.49,0.56,0.49,0.76,0.18,0.48,0.58,0.45,0.52,0,0.08,0.04,0.52,0.27,0.26,0.45,0.26,0.14,0.28,0.35,0.34,0.35,0.22,0.46,0.4,0.36,0.04,0.48,0.26,0.57,0.46,0.12,0.38,0.33,1,,1,0.38,0.43,0.5
