department,hasc,raw_economic_exposure,relative_economic_exposure,poverty,economic_dependency,maternal_mortality,infant_mortality,malnutrition,population_change,urban_pop_change,school_enrollment,years_of_schooling,fem_to_male_labor,proportion_of_female_seats_in_government,life_expectancy,protected_area,distance_to_hospital,distance_to_port,road_density,households_with_fixed_phone,households_with_cell_phone,voter_participation,physicians_per_10000_persons,nurse_midwife_per_10k,hbeds_per_10000_persons
Amazonas,PE.AM,,,47.3,0.582867881977072,114.135206321335,22.52,27.1,0.459,,88.7757435617274,7.84896170640756,0.224844012073585,0.450663588204759,70.56,9.81148255473796,,1.50806019450749,727.098473389557,1.66211204344752,76.584436341383,6218.05557534396,5.88902978234336,22.416306913436,15.3789663427149
Ancash,PE.AN,,,23.5,0.576913255270485,71.2282419979522,18.01,22,0.584,,74.7561842316422,9.11914347184317,0.192344905317152,0.43704872890496,73.81,9.65406914232642,,2.15493910430678,2569.0990925963,18.6550558167537,86.384683963246,7157.00769164109,11.7208460367522,20.5267990710857,14.0233564150914
Apurimac,PE.AP,,,42.8,0.640343692975272,24.5941957697983,20.41,29,0.556,,78.5521600385851,8.47803824340418,0.0946468595433063,0.490850851443991,70.23,0.201527849007466,,0.886771231656754,2602.3862816153,4.32973771674847,76.6793164671152,6069.41390818391,11.5405166297312,30.50462934576,16.1118496931705
Arequipa,PE.AR,,,9.1,0.476765401483052,36.6419672665092,13.25,8.7,1.099,,78.8376444639298,10.6060630440068,0.19645559700084,0.3585088916862,76.27,13.2616842078727,,1.89340201990983,1233.99512463804,27.8276589944679,91.2319198084151,7832.65524120706,38.8397555726606,42.7512213512622,16.8207109172608
Ayacucho,PE.AY,,,51.9,0.645633261095931,60.6060606060606,21.88,28,1.149,,72.5854656130226,8.44182542404128,0.112479934177588,0.479097385205602,70.81,0.203204026091816,,0.644367190142728,1521.27109383536,5.33581547472883,75.5142185304368,6014.41094386103,5.59348982381241,20.4507383847,16.6417016399722
Cajamarca,PE.CJ,,,52.9,0.586026084614321,93.4438583270535,17.98,35.6,0.405,,73.0140452492266,7.70550360554659,0.21215232991641,0.491715659158981,72.94,3.4552937114774,,2.0842925949443,2815.06875526043,3.5543633158913,78.4855913316323,6508.03507262646,4.74734175090357,12.1962094705534,10.0805125006251
Callao 1,PE.CL,,,,0.451420023363601,75.5594303981401,9.14,,1.411,,73.854626698254,10.7475837761005,,0.428570214401212,77.68,0,,-,3857.21746603856,49.1179323979142,90.5845807738131,7151.31139890913,20.6532156494774,25.2695806634519,19.9023199023199
Cusco,PE.CS,,,18.8,0.5534033358614,73.1609174379047,29.65,20,0.651,,80.3751563318672,9.17975624810491,0.0968508448293886,0.490709328272241,70.31,9.42907910384912,,1.17848366901667,1616.71037035355,10.7455157766067,80.2190646022876,6730.47800819984,14.7768271233475,23.5863833142574,13.5551883771372
Huancavelica,PE.HV,,,46.6,0.758300674647913,74.2298651490783,29.31,42.4,0.823,,62.6733447975563,7.65943052041972,0.0544369862328153,0.519974924207308,69.79,0,,1.28196892940817,2990.99928256748,1.65748896027,74.6931874152602,5597.4824844589,5.41444965986671,16.1008634622352,8.20559950109955
Huanuco,PE.HC,,,40.1,0.620082764689594,61.7977528089888,22.36,29,0.807,,70.148410696568,8.21268378228176,0.195921830866823,0.508498538674853,71.52,4.32384552442157,,1.81856858435748,1308.74841928551,7.54455320358475,82.6195604858127,5970.2025440336,7.77304579307309,23.7756867556197,10.8409204047592
Ica,PE.IC,,,4.7,0.516972641347846,32.3764299589899,9.98,7.7,1.042,,79.9489330405309,10.7331958851815,0.221319381909307,0.383874054398228,77,10.9786827991699,,2.65670932025244,1546.5062293166,25.4478235631295,88.7336209542889,7224.05988411182,24.2887863561945,32.1027699224504,18.7814238885713
Junin,PE.JU,,,19.5,0.603217279968631,65.1690561987273,18,24.2,1.193,,67.9838756494732,9.56771913502452,0.167411593125263,0.395604594200098,71.85,13.1917666642463,,3.25022929966306,1681.24533582185,14.7212798248031,84.4480705947277,6353.88765935108,12.840550488269,23.0637762254449,13.5887017719397
La Libertad,PE.LL,,,29.5,0.539445268051164,70.8633518365419,14.38,22.1,1.253,,70.4074837166968,9.3820793106703,0.242317537064278,0.465364452524798,75.63,2.94272210310498,,1.15919546699664,2821.45500848296,31.4817162503453,84.4782094374637,6793.97482797666,22.8257555962024,21.4158174375054,13.7575539774544
Lambayeque,PE.LB,,,24.7,0.529030009538484,49.5102026381865,17.07,14.2,0.86,,69.1815422494853,9.46630748513528,0.219692108498871,0.450833726482907,76.08,0.998472651578622,,8.26713010436215,2234.1192456251,27.4871158796427,88.0738038948382,6863.49971088072,17.2751767706456,26.136702632625,14.7594690462479
Lima,PE.LR,,,13.1,0.470637002605676,24.0197882170162,10.33,5.1,1.523,,72.6859197918573,11.0403277048166,0.234540796702703,0.399746222385406,77.15,5.81410136850086,,10.0695821025962,2216.3559588824,50.3981510086936,90.2773233436222,7529.21324993851,36.6167403463573,29.8441192811113,18.8125013363385
Loreto,PE.LO,,,37.4,0.624264007147615,89.5555804321057,24.27,27.7,1.116,,82.9552546986086,8.72866523840712,0.252095472081504,0.402330699434708,71.74,17.9798244403829,,0.210604694891067,70.9093929253847,20.1453650460413,64.124436059121,5979.28215454708,8.47451038321892,10.0683403176775,10.6466567140724
Madre de Dios,PE.MD,,,3.8,0.475594727228714,163.170163170163,22.04,11.6,2.497,,89.2353100122633,9.59176475773925,0.205156282247321,0.363375633159413,72.21,44.8008461884161,,0.674287269211422,380.84942937538,11.1654678256293,87.1427961829716,6751.57525819321,13.5714552030126,16.1067819991798,17.3446621229255
Moquegua,PE.MQ,,,8.7,0.439339849951246,101.48849797023,13.25,4.1,1.062,,83.5641882927347,10.2895230809343,0.208405824106527,0.384015747300181,75.77,0.747433217341369,,1.73540807259544,1710.51237587361,15.373302722094,83.8911229360657,7282.09750744631,14.8926163975545,30.4010928716995,20.8220170197356
Pasco,PE.PA,,,46.6,0.581469882798999,69.9790062981106,20.97,26.5,0.765,,63.1174776054615,9.4090613717445,0.22014821722287,0.452310050224153,71.41,26.6207198092704,,4.38319013900625,1238.67715308589,2.65747075761808,82.8104091581111,6069.64515146297,6.85457700305972,22.6167927202405,20.9134543222807
Piura,PE.PI,,,35.1,0.573381035105523,60.9398275628583,18.82,24.9,0.831,,72.6666153164776,8.96369475423237,0.307420846999374,0.497883486484278,73.97,3.49225143201523,,1.10160365297429,1743.48986222443,15.5534739558598,82.4709197860579,6706.21854324907,8.66905420946534,10.4127038266277,10.8452338834203
Puno,PE.PU,,,32.4,0.620513389349528,111.74144748152,30.24,19,0.916,,61.3457081388944,9.05392117625366,0.0530009645697875,0.522269372589734,70.5,11.943749283855,,1.09920068888745,1524.066142344,3.47459320364054,78.0379129955322,5996.7800264671,8.02854339691521,19.3084329652277,9.8727480491968
San Martin,PE.SM,,,30,0.526629331556756,73.106095220689,19.18,15.5,0.369,,77.5338130604751,8.32551928835933,0.313690813493627,0.397431723065104,71.34,18.4524781705538,,0.959950608215823,1001.27081000228,8.19361356832368,81.3422724741715,6576.34535635066,5.20783103481532,8.59533224033176,12.5663000680878
Tacna,PE.TA,,,11.8,0.453839561414464,89.2379082634303,13.24,2.9,1.317,,73.1423675906762,10.5340812897732,0.144659017245949,0.344628469466723,74.21,0,,3.38848768717774,1488.17828819115,16.3400665351278,91.503111720881,7294.68012311047,28.0819828012666,27.9338710776313,16.772884936209
Tumbes,PE.TU,,,12.7,0.439285013249583,96.7492260061919,12.63,9.1,1.412,,87.9242923863344,9.37650220888434,0.258548309524574,0.311248656824736,74.05,32.6305526160848,,29.7797322365416,1998.14534763062,11.9004492518365,90.0696399303523,6491.44639828161,8.48114968589913,19.6472864582889,15.0768964921376
Ucayali,PE.UC,,,13.4,0.553576470961499,62.5111627076264,23.42,24.5,0.402,,85.3755151437604,9.15416272318729,0.21804202171001,0.43579743232788,70.88,22.873563430363,,0,173.031932808238,11.0688592879209,79.7417046845926,6530.80479675859,7.49493530257483,15.7863351195922,14.0580680906663
Abra,PH.AB,4507.563056,3.349707719,15.00411104,0.618388983,59.51,19.04,9,0.515366702,2.201126753,108.2983939,,0.543493101,,68.53,0.145162048,8.184176057,37.12733299,0.300139527,2.148787238,96.69966997,89.14,2.789240096,,7.793946022
Agusan del Norte,PH.AN,17831.54379,4.050119897,19.36838338,0.634644786,190.79,01.09,5.4,1.425657877,5.919063998,121.5064147,,0.435167258,,68.25,0,3.730445454,8.677454533,0.823574683,7.333218643,96.04743083,87.8,2.221394276,,6.977660389
Agusan del Sur,PH.AS,23176.90872,4.006815373,30.39814795,0.706248476,44.5,4.45,6.1,1.248789703,6.621733376,124.0858604,,0.549640946,,65.34,0,8.348194845,25.8799117,0.391878943,1.182221891,79.6178344,83.09,0.853285288,,4.349669065
Aklan,PH.AK,9658.105831,3.743974781,8.755221718,0.586371348,118.45,11.41,9.4,1.349538041,3.055938909,113.3192923,,0.525118298,,68.2,0,5.046641355,10.63112787,1.161293208,4.856918957,97.85932722,86.03,2.637651367,,15.82675429
Albay,PH.AL,27228.69083,3.828136891,14.77715489,0.652017886,45.53,05.04,10.5,1.223529446,9.562973764,115.0267494,,0.483436312,,69.09,22.10515338,3.462579041,20.65211232,1.171113022,3.000719672,94.58333333,85.77,3.047150766,,7.08256276
Antique,PH.AQ,7785.320452,3.385675431,13.21033255,0.643112517,79.82,12.2,13.6,1.221824787,9.567649127,117.9614216,,0.569727092,,67.9,0,6.555266216,17.58024014,0.723214302,1.78728695,96.61016949,85.18,1.698378133,,4.410073607
Apayao,PH.AP,2526.680901,4.089162988,15.96202343,0.581334502,128,4.16,10.3,1.081146978,,122.4134559,,0.481685741,,67.35,0.838595165,7.540499067,39.20314555,0.304717007,0.724171916,72.93233083,81.75,5.365914063,,14.74189401
Aurora,PH.AU,2463.280952,4.467542564,11.50380231,0.647227629,23.95,2.16,17.3,1.207689244,11.44652592,118.2023304,,0.458143533,,69.07,13.82637702,9.909235232,12.59250677,0.420685838,0.335270451,95.36423841,81.46,0.63679492,,6.695606065
Basilan,PH.BS,1687.236931,1.172846323,65.70006294,0.79832693,134.91,24.62,4.4,3.225942374,29.68895962,94.24643242,,0.306586273,,64.76,22.89866629,13.39357885,15.11599929,0.538985312,0.698324022,67.14285714,80.79,0.248908261,,3.272667278
Bataan,PH.BA,7651.501905,4.075635093,5.73841576,0.525610812,29.63,1.85,4.6,1.943315633,7.293753752,115.4776473,,0.535539427,,69.15,202.3207852,3.262767593,10.8044885,1.754771197,7.949896729,100,83.49,2.424294461,,8.593437536
Batanes,PH.BN,103.78879,1.870486098,6.622884127,0.601393405,0,7.97,,0.724554929,20.1326357,111.6358325,,0.809206044,,68.6,0,4.259749512,5.207270034,1.435813965,0.18735363,65.51724138,87.84,5.718860803,,42.5797661
Batangas,PH.BT,17562.63268,2.532437244,8.406140549,0.539119189,31.14,4.55,6.8,2.410145341,7.712043433,106.913141,,0.598969838,,70.32,26.70700565,3.721003641,17.60943863,2.639469733,11.27519403,90.90909091,82.6,4.032839647,,11.70696471
Benguet,PH.BG,29211.28523,3.226696379,4.275120797,0.517439327,31.99,5.28,2.4,1.727395403,4.619761395,94.62371401,,0.581025039,,69.72,19.45680341,3.922606154,17.95968476,1.260358424,8.424739116,99.62825279,81.7,8.634413534,,10.36324567
Biliran,PH.BI,3626.70655,3.823793735,13.75760418,0.707539841,56.43,6.21,14.3,1.131465876,13.45214139,121.9801815,,0.499136822,,68.02,15.36210171,12.54400939,12.66586372,0.972893546,1.916783544,97.72727273,81.35,1.429886925,,4.251170489
Bohol,PH.BO,17964.94824,3.10846601,15.22608647,0.65575245,19.12,14.01,8.5,0.86970167,10.00180999,110.735243,,0.532907602,,68.8,0,7.091962653,18.49219154,1.66052898,4.721355123,90.89269612,86.8,1.782647351,,7.92213419
Bukidnon,PH.BK,26919.93706,1.850271727,22.18131883,0.665613365,54.33,4.35,3.4,1.641297978,4.787560968,123.5537909,,0.462415651,,67.58,0,8.546448968,41.95354068,0.888188746,1.503935738,90.30172414,83.65,1.821617583,,9.341115561
Bulacan,PH.BU,48980.63129,3.749580184,3.453232207,0.514350215,24.1,2.77,9,2.279072217,5.483906741,106.276329,,0.585749068,,70.69,1.357942222,2.468230823,19.02860346,2.436817263,9.017109707,99.47275923,83.57,2.999908433,,8.485278185
Cagayan,PH.CG,39536.53858,4.794183374,12.5619102,0.563647945,62.53,02.08,9.6,1.228724491,14.03972051,117.1984595,,0.495387257,,69.58,7.041776547,8.797957583,24.83944415,0.724718137,2.484977941,98.90243902,83.2,3.600692178,,11.28983562
Camarines Norte,PH.CN,9624.036482,3.545526604,22.4126693,0.694952927,160.46,7.81,9.6,1.37519217,10.06092261,120.5173253,,0.423349979,,67.84,13.38756123,5.053064852,14.03430842,0.787977868,2.696867932,96.45390071,84.6,1.851052015,,6.928467278
Camarines Sur,PH.CS,37376.72977,3.854829544,20.61574523,0.703708039,,0,6.7,1.321643911,10.45365849,116.0800444,,0.468888789,,68.42,24.87364013,5.934089676,22.55182515,0.829693897,4.687328519,85.32455315,83.99,2.413581755,,8.227435849
Camiguin,PH.CM,1901.220571,2.471289063,17.34233824,0.670433501,73.05,14.61,0,1.037495728,16.93807063,122.0138711,,0.508223939,,67.99,0,3.506297838,4.781887518,1.590955301,3.910245834,98.27586207,86.65,2.440837429,,10.99674496
Capiz,PH.CP,12443.95479,3.769179614,4.093345796,0.569272634,50.18,9.94,4.5,1.077628326,2.422783151,117.7451715,,0.518733802,,68.59,0,5.579640774,10.19880389,1.561269968,3.565298848,99.36575053,83.71,2.624671916,,8.476366719
Catanduanes,PH.CT,3423.569742,3.784328214,14.3911113,0.722028099,172.18,17.79,11.2,1.106638345,21.4892869,117.6860034,,0.505068791,,67.14,0,4.006255831,17.48836764,0.813407039,0.601604278,97.14285714,87.66,2.932926233,,10.09724654
Cavite,PH.CV,40576.27844,3.857531293,3.707230592,0.48656427,24.67,06.09,6.9,3.367801042,6.300313408,101.2155824,,0.612343214,,70.69,0,1.976680448,24.17523752,7.119651218,14.89881948,99.87937274,75.43,2.118323498,,7.618050463
Cebu,PH.CB,61263.08145,3.990559726,11.11212099,0.592706663,31.25,3.83,7.1,2.024617426,3.630725433,115.2440565,,0.530138777,,69.4,26.99715109,4.77259983,12.118872,2.650478785,12.41178637,96.67497922,84.95,3.042508637,,10.58652008
City of Isabela,PH.BS.IA,766.347145,0.912891865,40.63283269,0.620406106,232.02,7.89,,2.739190344,14.63376868,122.2931991,,0.427411206,,64.76,,1.164347656,53.97355998,0.963227141,2.488420223,75.55555556,80.79,2.689324223,,9.014324581
Compostela Valley,PH.CL,10520.96911,3.043748489,18.50592325,0.6094222,156.55,6.26,3.2,1.31706762,3.306947997,114.3391932,,0.356843937,,68.01,0,8.336532373,16.32570843,0.728982883,0.745614902,91.98312236,87.35,1.157034905,,0.921433329
Cotabato,PH.NC,20254.87285,2.127981646,23.49262312,0.630802555,44.45,4.85,7.3,2.265697608,7.468473976,120.4917607,,0.432116222,,68.47,35.07339837,6.826271688,32.94281929,1.040238913,1.08321314,98.34254144,81.98,1.970633399,,11.97700849
Cotabato City,PH.MG.CT,10896.4555,2.987701061,35.5326303,0.601655505,27.54,4.82,,1.860990003,2.903715472,78.62150082,,0.528556429,,64.57,,1.090521249,21.94950571,2.366906018,6.055717678,100,78.24,3.657258835,,6.347855963
Davao del Norte,PH.DV,12804.14893,2.490340857,10.20908364,0.568852373,37.2,4.88,7.8,1.378879494,1.299878711,119.5955146,,0.44187093,,68.62,0,4.558348417,52.91458341,1.926100839,2.865006466,95.96412556,84.75,2.759154827,,15.14615996
Davao del Sur,PH.DR,6554.700739,1.940400114,8.067127987,0.539621922,37.12,5.29,7,2.066508965,3.870080518,114.8717139,,0.412940753,,69.15,30.65196969,3.927682653,41.47608062,1.971745368,7.828969484,99.03381643,76.85,3.904299769,,17.3327245
Davao Occidental,PH.DC,438.5234052,2.464327325,30.87436486,0.688019918,224.91,02.08,,1.4180596,2.860171345,124.2429186,,0.294562819,,69.15,66.64377678,12.01037973,19.88988592,0.345997326,7.828969484,67.61904762,75.37,1.289189836,,0.544833765
Davao Oriental,PH.DO,8131.866482,2.991758208,27.69849106,0.652644636,64.97,5.85,3.9,1.472965848,4.419654076,125.055361,,0.368392127,,68.42,2.768075148,11.28569074,32.20239555,0.530883447,1.564770216,93.44262295,85.63,1.45760706,,1.710167631
Dinagat Islands,PH.DI,2710.984117,2.928669529,26.62520115,0.663792088,201.21,02.01,,0.052318679,0.982046506,106.0021309,,0.412126769,,66.17,7.499759592,9.581544043,13.57918796,0.685610458,0.415149308,67,83.29,1.243607082,,
Eastern Samar,PH.ES,7463.236966,3.667803159,40.93707835,0.691062599,38.95,6.49,6,1.640426482,17.15728401,116.0064783,,0.4567991,,67.71,0,7.533085106,32.07704842,0.451175558,2.144578581,82.24455611,85.25,1.41403009,,7.741364692
Guimaras,PH.GU,1755.049381,2.46089055,6.620959021,0.560437692,0,9.56,3.6,1.32505516,9.814649534,120.0480369,,0.489501582,,68.68,3.580949167,5.752100905,17.90118452,1.721787383,1.748350347,85.71428571,87.63,0.502711851,,1.379828018
Ifugao,PH.IF,4814.521291,4.181442994,9.833299446,0.606070936,0,4.9,4.2,1.139665829,17.37686166,112.3217847,,0.661654622,,68.21,0,7.371541077,28.26620685,0.532933592,0.329288989,83.42857143,83.18,2.426642594,,25.28183224
Ilocos Norte,PH.IN,13560.30196,4.412007369,3.198158147,0.547107995,45.78,3.82,5.8,0.825104193,29.31390706,107.2974719,,0.49020094,,70.08,1.038204368,4.796445645,17.63251571,1.007340821,7.354657042,92.63913824,85.31,4.786653215,,10.76214827
Ilocos Sur,PH.IS,14216.39906,3.956089537,5.378022153,0.557464601,10.72,1.93,7.9,0.881416407,28.46478851,107.3485039,,0.516745243,,69.67,6.571272253,3.743083132,23.61614139,1.010187443,4.123591032,97.265625,86.85,4.524118403,,11.24607662
Iloilo,PH.II,43580.51092,4.200954755,11.95825747,0.571503509,19.89,5.97,6.2,1.182613554,8.984901981,116.0852631,,0.461750642,,69.88,0.452838632,5.364458433,3.014546035,1.901593811,8.139081691,99.2635455,84.56,5.2928116,,11.6168597
Isabela,PH.IB,49818.26477,4.804144733,12.90927791,0.546999252,32.33,2.64,6,1.291601584,10.18334514,114.7882382,,0.445623229,,68.93,19.24072352,6.243742674,40.31622376,0.776919276,2.220157175,92.22748815,83.65,2.695901678,,9.546348552
Kalinga,PH.KA,4691.608157,3.657688084,9.319286096,0.625954607,24.94,10.23,2.2,1.022139231,-1.331394633,115.8368699,,0.577612715,,67.55,1.184034036,6.630550365,17.45013648,0.399991393,0.38300295,88.81578947,85.27,2.82670448,,4.094872208
La Union,PH.LU,15681.16516,3.580208147,2.878555549,0.541277026,122.6,8.69,9.1,1.120733705,11.98274296,104.7100009,,0.546414912,,69.34,77.49699553,3.799328024,23.52055089,1.673023367,6.747039434,99.65277778,86.42,4.414791417,,7.863937876
Laguna,PH.LG,25921.84512,3.628997999,2.701803037,0.487066114,33.85,9,7.7,2.470010799,3.678172381,108.3019118,,0.625253856,,70.19,15.28074917,2.662056657,10.23085185,3.957494279,11.06930017,98.6784141,77.43,2.983434983,,10.97029807
Lanao del Norte,PH.LN,20382.80702,1.998935771,19.04240574,0.6608842,0,1.37,4.3,1.595559941,2.640718938,99.28738256,,0.39982114,,67.72,0,4.105460427,23.73720383,0.73793513,7.653288477,89.32806324,77.73,1.760710832,,10.58846148
Lanao del Sur,PH.LS,14945.14098,2.107667434,64.05022836,0.788589702,18.06,1.4,5.2,2.183403763,33.4231065,95.61809993,,0.357586776,,64.21,4.097964826,6.202962093,16.41856302,0.398845088,1.220563894,71.78602243,86.92,1.255057142,,5.561589165
Leyte,PH.LE,45991.16026,4.222563879,21.85581944,0.640481175,12.72,4.32,9.7,1.781760852,6.407881666,117.3309949,,0.443997539,,68.48,1.465272215,7.149174056,28.60525344,1.248037733,6.42558904,85.07007922,86.39,3.410201883,,8.871118582
Maguindanao,PH.MG,20057.54363,2.797615333,39.91459299,0.781899769,44.67,03.02,5.9,4.220545403,13.68658022,95.15078796,,0.35482778,,64.57,61.0081044,6.715772531,12.72141437,0.441214744,0.684145452,61.41732284,78.24,0.325421523,,4.398148332
Marinduque,PH.MQ,2245.300855,3.742542707,9.954720749,0.698460201,56.12,10.94,13.8,0.552525772,41.69888666,113.2089802,,0.528783544,,66.19,0,6.017782283,31.6344455,0.921740555,2.557698265,100,86.73,1.898718154,,5.24489462
Masbate,PH.MB,8616.461644,3.126193276,25.79414592,0.829985896,125.4,5.14,9.1,1.281148874,5.996341843,120.6400173,,0.516671892,,67.31,0.398572454,9.682402712,11.12709849,0.782058331,0.726503694,90.72727273,82.7,0.80138057,,1.575985888
Misamis Occidental,PH.MD,14026.1194,2.204556055,19.34674757,0.59860845,0,3.11,4.9,1.128645055,8.771819183,110.9083676,,0.506958052,,68.22,284.662505,2.941045619,13.75108688,0.721704994,3.323113283,92.65306122,82.34,2.628331124,,15.60681195
Misamis Oriental,PH.MN,24336.43261,2.35397685,11.3519384,0.571506623,9.96,3.99,4.2,1.955331144,5.614758358,118.8902615,,0.475006559,,69.02,0.168714328,5.394108061,60.12132451,1.631119574,7.297808791,98.21428571,85.31,3.295196432,,10.48363446
Mountain Province,PH.MT,2954.178006,3.329211535,17.1791112,0.620932647,0,11.99,5.9,0.049686966,13.49172177,113.0564817,,0.736305433,,68.8,0,6.338355531,6.689624103,0.545211465,0.496247882,96.52777778,79.39,3.470414715,,17.10639279
Metropolitan Manila,PH.MM,607795.2458,3.862779563,1.459478778,0.451533855,60.16,15.04,6.4,1.584905989,1.666340355,93.51736793,,0.661087924,,72.13,28.11989335,0.950997808,25.68327468,291.7090603,25.39929104,100,78.62,9.056295965,,22.24740984
Negros Occidental,PH.ND,49192.57915,3.710252734,14.64675765,0.597316815,57.06,7.81,5.9,1.291017513,1.860564629,121.4839854,,0.460369267,,68.34,29.57512743,7.467835826,19.35535887,1.304067245,6.269723717,98.18731118,83.95,1.081359423,,6.637353287
Negros Oriental,PH.NR,18792.28726,3.044684543,19.20292139,0.60913746,115.65,8.76,5.6,0.989553091,5.596728958,120.6253146,,0.590125224,,68.31,3.712611592,11.14637804,43.32333868,0.731376149,4.138161129,90.48473968,83.86,1.489424,,5.213241778
Northern Samar,PH.NS,9344.119873,3.453879289,27.38824739,0.726865104,64.44,3.59,9.5,1.361100245,12.71550713,116.9458098,,0.505767482,,67.06,0,11.90349367,28.93540945,0.481522963,1.243200562,78.20738137,83.64,1.065681503,,3.298248722
Nueva Ecija,PH.NE,19819.37113,4.142362454,6.496216496,0.54942214,6.92,0.69,7.4,1.83528539,7.222811755,107.8094111,,0.453341327,,69.69,6.365501226,5.272118596,39.64467532,1.286028412,3.860419606,98.70435807,79.5,2.799977923,,7.321508495
Nueva Vizcaya,PH.NV,10788.57993,4.963676435,11.40431518,0.578041325,34.65,10.86,6.8,1.357253693,17.25295906,116.5191532,,0.520871928,,69.12,0,7.700850228,24.82966895,0.629723279,2.9791977,92.36363636,81.9,3.031716919,,13.06992623
Occidental Mindoro,PH.MC,5044.428839,4.130826181,16.05678588,0.691326327,65.11,20.35,6.9,1.404416117,3.129938944,120.0971404,,0.409518154,,66.61,322.8428591,6.775523045,18.00340563,0.450037763,1.302694393,96.93251534,80,1.222594345,,3.468121031
Oriental Mindoro,PH.MR,9945.492252,4.553176944,7.15342883,0.650572687,6.34,4.88,7.3,1.375210381,17.14751786,115.1834048,,0.470552612,,68.25,105.4864524,5.741761463,10.57071002,0.754181079,2.767177779,98.82629108,81.46,1.820423306,,4.263505079
Palawan,PH.PL,5126.362913,2.390578366,8.432851778,0.647493967,114.87,09.01,12.4,2.233496224,7.317392831,124.9995231,,0.361922443,,67.24,533.0563843,15.19602737,22.59361553,0.515476024,1.434188042,98.61431871,80.63,0.903495398,,7.079980779
Pampanga,PH.PM,22334.57542,4.031026151,1.936418075,0.516028708,27.42,1.86,4.8,3.098234531,5.435996053,107.3628709,,0.488620152,,70.86,17.54296131,2.733898843,12.2024488,3.955899588,8.18450592,93.49442379,82.45,3.965649122,,9.637144462
Pangasinan,PH.PN,58567.70404,3.934737324,9.167197814,0.606678728,53.49,5.86,5.9,1.180725902,8.911571675,112.0128082,,0.477155619,,68.64,0.178480705,4.65412083,22.64148715,1.653963467,5.771092461,74.70674487,85.11,2.88875322,,7.534408277
Quezon,PH.QZ,14518.28974,3.038022788,9.312765124,0.611485578,15.27,5.65,7.7,1.360296552,6.568289768,114.6276226,,0.471588077,,69.13,11.35526173,6.096156812,27.09129402,0.7845944,5.561086519,95.00805153,83.3,2.182970537,,6.837935052
Quirino,PH.QR,2769.455908,3.993336307,8.853090713,0.583080355,0,0,3.8,1.278552503,12.0111721,113.3371308,,0.504985232,,68.33,0,6.500433896,24.55237906,0.375980137,0.548151873,95.45454546,78.53,1.660543413,,5.654683877
Rizal,PH.RI,51320.25983,4.074986259,3.332461033,0.523742209,60.34,7.92,9,2.877041427,3.219161111,106.5703251,,0.577108461,,70.45,0,2.045263162,11.89278941,4.180289498,15.82417464,95.74468085,71.98,1.679092058,,5.66177276
Romblon,PH.RO,2284.884971,3.146455681,19.57169433,0.710344505,122.5,1.84,6.5,0.58588395,42.13181198,119.6768609,,0.55081074,,67.02,0,9.982200728,9.666358153,0.827208029,1.415951781,95.43378995,82.21,1.552030123,,3.018675539
Samar,PH.SM,11994.41695,3.363533296,22.10392123,0.700064981,27.84,1.67,5.1,1.191686655,9.200944296,117.1077054,,0.44613973,,67.87,1.560646726,13.42746849,32.32553011,0.464171904,2.872200444,89.58990536,86.17,0.62673056,,4.713026309
Sarangani,PH.SG,8203.791245,3.084433643,36.02140382,0.655750441,72.16,1.98,2.4,1.669706837,5.085398153,121.6883626,,0.297699657,,68.28,0,12.28085794,9.049032258,0.454586936,0.334186445,83.68794326,75.08,0.392368784,,2.197771284
Siquijor,PH.SQ,583.511583,1.365671788,7.232457383,0.583932081,0,2.51,9,1.005959476,23.7488265,115.0332927,,0.643213094,,67.9,0,11.98028115,10.48909768,2.481649719,3.847060487,97.01492537,89.87,0.81749438,,7.593321926
Sorsogon,PH.SR,11409.83112,3.654572342,19.49366948,0.691768269,78.33,05.06,4.5,1.304492955,12.87629236,117.3443111,,0.472391208,,67.61,18.49063408,4.777001667,16.36891745,1.591494012,1.195172517,95.37892791,85.64,1.435662092,,3.936140064
South Cotabato,PH.SC,13547.57561,2.895746947,13.67235972,0.580154096,61.58,10.93,7.6,1.929053625,3.345575024,120.2518116,,0.442773675,,68.94,0,4.50731767,13.64242003,1.877727903,3.766947412,98.66666667,82.26,2.331246495,,14.18643614
Southern Leyte,PH.SL,8864.181016,4.420549636,17.24142026,0.6244111,42.23,1.48,3.2,1.05423688,15.31634194,107.5701313,,0.45301724,,68.05,0,6.553680948,41.66620964,0.816438207,2.671960032,98.8,86.13,1.90545681,,8.276984694
Sultan Kudarat,PH.SK,21338.84093,3.154337612,24.19943188,0.61106597,100.43,8.81,6.9,1.600473625,3.646881179,104.9223939,,0.370042088,,68.69,0,6.8364868,21.86866947,0.733178904,1.520345275,85.14056225,76.27,1.734987837,,7.844324726
Sulu,PH.SU,1469.229625,0.560961952,74.29852282,0.7815942,49.65,13.26,14.2,2.664553446,9.884579084,66.58398975,,0.347213634,,59.84,1.40524195,8.504200071,12.57734799,0.407240274,0.478684601,61.95121951,85.52,0.466099424,,2.282617752
Surigao del Norte,PH.ST,14409.21639,3.228688457,27.39993679,0.624344764,23.65,3.31,12.3,1.760214122,5.801059762,120.2152492,,0.408285543,,66.17,3.059393513,5.818818082,22.2141407,0.849041425,2.907063197,95.52238806,85.75,1.815019586,,7.743154659
Surigao del Sur,PH.SS,18557.82269,3.230793153,19.0311828,0.660082766,69.52,3.94,9.4,1.029425079,3.123023845,125.0225367,,0.376513252,,65.64,0,8.59622266,29.46117597,0.573425813,1.643921405,92.8802589,84.46,2.267997888,,4.919508639
Tarlac,PH.TR,12743.99259,3.853779223,7.574885933,0.572695365,21.32,2.49,6.1,1.347618925,6.386756844,110.467335,,0.47342837,,69.79,0.006730277,4.917253784,10.56301844,1.520299719,4.430027605,100,85.02,3.714160486,,10.49449057
Tawi-Tawi,PH.TT,337.6863383,0.302917415,14.67368825,0.728702687,92.12,8.29,14.2,1.22236686,8.121751812,88.11839975,,0.287931519,,58.84,0,22.34508596,13.42395634,0.45992167,0.859329754,60.09852217,79.69,0.599348209,,3.061358009
Zambales,PH.ZM,6631.04722,4.465630643,10.62952131,0.567967965,75.33,3.87,14,1.46343086,3.51809339,119.2077788,,0.426871659,,68.95,0.024140187,6.531342646,18.11470783,0.830736788,5.805619266,71.65991903,81.03,3.808961255,,9.832331657
Zamboanga del Norte,PH.ZN,14509.88353,2.033257615,36.77197124,0.682285111,51.8,1.78,7.3,1.037530795,9.091282892,120.4397259,,0.432956907,,68.06,0.003978281,7.921440179,19.25247959,0.566500365,1.876905395,72.35890015,82.84,1.675924852,,3.753641177
Zamboanga del Sur,PH.ZS,28932.99638,2.749081479,17.55369577,0.613117813,68.13,0.34,7.6,1.122521607,2.455338295,119.204991,,0.409936538,,68.83,0,5.540939915,13.58193049,0.768264364,4.150063945,81.05726872,73.83,3.107366093,,11.76171387
Zamboanga Sibugay,PH.ZY,6494.054706,1.705072865,27.09517081,0.691132889,39.24,02.06,6.5,1.526356842,-0.022999327,113.7352386,,0.362812468,,67.53,0,5.263696466,21.6725937,0.585320842,0.892067961,90.74550129,78.74,1.394834819,,2.372231892
Kailahun,SL.SO.BN,,,27.9,79.58501649,229,64,3.8,3.5,8.15399691375407,,,0.0152293958651627,0.521970104555048,37.9,6.56057430047667,7.286892477,56.1,0.809447783511185,,59.3,80.8817939946788,0.74,1.74,11
Kenema,SL.EA.KE,,,18.6,78.81563938,262,56,1.4,1.8,3.14234610534213,,,0.107863354859382,0.494737058532332,44.2,11.0110057966619,11.895640692,18.91,0.762860943269454,,66.1,85.8374889787643,0.13,4.96,16
Kono,SL.EA.KN,,,20.2,80.29962388,601,68,1.6,3.7,0.838101506777423,,,0.119416823831189,0.539006241618054,55,10.3375740353276,11.326004724,18.51,0.992571489550701,,66.9,69.3102985034525,0.2,02.01,15
Bombali,SL.NO.BM,,,20.3,84.41061956,372,68,3.3,3.6,4.20319849772433,,,0.02668547373066,0.657905649004222,55.6,16.1033435599486,10.827386936,92.42,0.947372223338377,,65.7,84.5487217128771,0.43,4.84,16
Kambia,SL.NO.KM,,,17.2,86.88719454,322,18,2.8,2.2,11.4216653975474,,,0.00083484165786174,0.749563303635484,55.5,2.0948555153039,12.148143485,59.97,1.20070809845228,,71.2,65.7135139306938,0.11,02.01,9
Koinadugu,SL.EA.KE,,,24.6,83.85251412,333,37,2,3.9,19.5007085757236,,,0.0127148191671558,0.777981697151528,66,5.06188914300159,19.139364981,37.85,0.418504310997241,,57.2,67.5976648406574,0.09,1.8,9
Port Loko,SL.NO.KD,,,21.6,81.82723522,239,60,3.9,2.8,11.8085788843472,,,0.0550376285639821,0.671414114217275,39,0.0828540277716104,10.032798654,32.59,1.37187489584139,,70.1,78.3977739974868,0.13,2.93,13
Tonkolili,SL.NO.TO,,,39.2,84.34791587,355,36,3.1,3.9,8.9274373750441,,,0.0326697096271782,0.863340417784538,51,2.62581118871163,24.72471437,71.12,0.546100248747265,,48.1,82.3268749602166,0.17,1.89,14
Bo,SL.SO.BO,,,24.1,82.51531185,243,30,6.45,2,0.0261639818216392,,,0.140468414765033,0.721232167017138,49.4,1.14510286449986,12.376924578,19.53,0.744302566589924,,64.9,86.860115070266,0.42,6.95,17
Bonthe,SL.NO.BM,,,37.7,82.61644752,531,55,6.45,3.3,6.14485915690735,,,0.160382426344918,0.659836550226464,54.4,0,14.150762222,29.8,0.349395049903532,,68.9,87.4282676849311,0.3,4.64,13
Moyamba,SL.SO.MO,,,40.4,85.31111573,207,40,5.7,1.8,2.1765621826552,,,0.0705576122790154,0.736526886682446,44.3,0.534488628997489,17.751805901,35.49,0.473916246817876,,60.1,81.2671295761046,0.12,2.24,10
Pujehun,SL.SO.PU,,,43.3,80.54905241,156,80,7.2,3.8,2.46908498131103,,,0.121822675795945,1,49.4,6.33866502985784,15.299786986,67.7,0.423867750723649,,58.7,79.5792592592593,0.11,1.39,9
Western Area Rural,SL.WE.WR,,,0.4,74.03995378,542,60,0,8.5,37.1973713480647,,,0.170497645041394,0.778559327229472,44.9,30.3645881314432,3.047423935,9.23,2.34450005210475,,91.6,79.623740074657,1.1,3.53,4
Western Area Urban,SL.WE.WU,,,0,60.39551299,542,83,2.6,2.8,3.26806603413497,,,0.187175336891736,0.166311389522072,63.2,5.00590106220435,0.757705338,05.09,10.3570614311794,,96.9,86.1574227393527,1.21,10.61,11
Guatemala,GT.GU,,,33.3336838638964,0.555969291857813,24.47,24.0,1,2.50767728123614,1.35689260697435,92.9235662693183,7.6322930224722,,0.694563752802835,,2.50,13.76,20.17,40.3121971144154,21.7963793702314,91.4632777707909,,11.8812054045611,15.8686264784088,16.4
El Progreso,GT.PR,,,53.2043935052531,0.752483667191216,120.01,30.0,1.6,1.607477818084,0.629555997349238,88.4300216070773,5.98821256906698,,1,,19.26,16.4,47.57,17.1697671752869,8.47060546160041,86.6852136564414,,3.29696306157234,2.23944660786046,11.7
Sacatepéquez,GT.SA,,,41.1277998451197,0.690242626532256,64.29,29.0,0.9,2.97649314668211,1.25836221809431,84.7109570098859,6.6881296558491,,1,,17.37,8.36,25.58,36.6972279914826,10.1354194057323,86.8117275834867,,7.64036463408221,6.74331777421021,11
Chimaltenango,GT.CM,,,66.0608736957245,0.912804089546584,94.08,38.0,0.4,4.12439295980086,2.19929607841338,72.3106185620733,5.67034888879549,,0.60731850133587,,10.57,13.52,32.02,52.3860192045179,7.08348239651508,81.2797687942367,,2.31522226926669,1.83949166599272,2.6
Escuintla,GT.ES,,,52.9398655720352,0.665821179558945,229.33,26.0,1.1,3.21059278357148,2.56146584063633,87.0559498394015,5.67217363728396,,0.665461452141394,,1.85,25.13,34.95,20.6128200591603,6.50883473842245,87.7612888324287,,6.77181361734925,8.6707139306678,4.6
Santa Rosa,GT.SR,,,54.2921388302476,0.81249997418867,46.15,18.0,0.6,1.830515148715,0.0614722240729989,87.314378210993,5.36248992651342,,0.356351905965355,,3.00,25.23,31.15,23.2164965600564,4.13677498007221,88.4477422984949,,6.53907450864941,6.14276696267066,12.9
Sololá,GT.SO,,,80.9470876404216,0.938915955086891,21.05,22.0,0,4.60583466947242,0.933166371374905,66.8293194205059,4.77039621344644,,1,,78.21,13.8,16.8,48.693386423738,3.33289349255569,72.6111147764509,,3.32984809233003,2.21989872822002,1.7
Totonicapán,GT.TO,,,77.4521289985559,1.00823606717743,153.46,35.0,0.5,4.48879461436659,3.14936782412546,62.6734428798219,4.59947798416075,,1,,12.32,14.73,19.57,54.8690482119508,6.3389910661965,76.5942572812041,,2.72746886818184,1.8725905662144,10.7
Quetzaltenango,GT.QZ,,,56.0286706080546,0.794407056795082,93.76,29.0,1,2.93719744317261,1.22183140113709,80.5567487320929,6.20582592882752,,1,,9.42,14.17,15.79,34.9981949060477,10.0822989083244,82.0804639757964,,7.88785134681657,8.1107419657219,11.2
Suchitepéquez,GT.SU,,,63.7646357242121,0.822036918365787,94.13,28.0,1.1,3.12163321678324,0.263307027750481,82.7670206832178,5.04361504486821,,0.608486392002014,,5.48,19.28,27.62,23.9351572164258,3.94828064337216,83.2900027731558,,4.08243494564313,7.1253609930901,10.3
Retalhuleu,GT.RE,,,56.0606197856748,0.775457482393345,57.31,8.0,1.1,2.904639226162,0.0595448381178133,86.1048711877441,5.68846443538887,,0.347010629767982,,01.08,21.28,19.69,19.7971708205943,5.95821357835326,85.9600005956724,,2.7959263032391,4.01713549315962,22.5
San Marcos,GT.SM,,,60.2159522458817,0.81312472009195,157.92,29.0,0.7,3.15581769280579,2.20718043984954,87.4063603431403,5.04582052343007,,0.78278178700788,,3.58,20.43,22.56,33.9043834509533,6.99943379362948,75.6082039091637,,2.86215607461516,2.2686655173371,13.9
Huehuetenango,GT.HU,,,73.7519203735221,0.859562122053333,218.80,49.0,0.4,3.81993129364426,0.692655002542092,81.4136026271331,4.22480034809385,,0.230919782047281,,1.14,33.97,36.05,16.5531353629999,4.22256623359914,81.4969187270096,,1.55880396293965,1.72916505178551,7.6
Quiché,GT.QC,,,74.6800099831838,1.04929888062775,113.37,25.0,0.2,5.06255780736601,1.05064638500907,71.8408961093448,4.45251885090438,,1,,6.25,28.16,15.47,15.4019949370662,2.90805712092751,79.5400836211598,,2.24208422526352,2.02903549797604,4
Baja Verapaz,GT.BV,,,66.297022340893,0.898683181491221,137.91,22.0,0.6,2.93278356964683,1.79578937846975,79.463446528544,5.00380075363515,,0.0389328925627449,,14.45,18.62,37.69,24.804375821095,1.72094082435993,82.6197989524708,,2.0909943038431,2.0909943038431,7
Alta Verapaz,GT.AV,,,83.0896770170925,0.907895030849361,186.04,29.0,0.7,4.75943295710231,6.85460784073156,77.8523362173172,4.04126990139434,,0.778734115638155,,6.41,27.38,23.64,9.11121201061267,2.55022733455097,63.1679166828586,,1.53364476778788,1.33322528108833,13.9
Petén,GT.PE,,,60.837093016334,0.939469585437393,87.12,19.0,0.7,7.83605976105922,7.55268012693352,60.4528301886792,5.29277035807847,,1,,70.19,46.97,33.56,4.6438090494093,3.13862539524047,81.5909469129639,,2.27828582378138,1.78038229937883,5.5
Izabal,GT.IZ,,,59.8785505191165,0.803325955147728,224.37,23.0,1.2,3.46845072429331,2.40218175925517,77.071630711472,5.84970130525513,,0.341341614712603,,30.45,42.86,20.42,8.66209346501297,9.65392957052901,73.5412759448048,,2.54844403333742,3.1619583376594,5
Zacapa,GT.ZA,,,55.9280343260122,0.748111382316514,19.72,20.0,0.5,1.35304429461404,1.51846624323689,90.4530696136547,5.50048903262826,,1,,26.89,16.91,21.35,23.4946822175001,11.6320132607834,78.9539115707542,,6.21923698846776,5.50846704692859,12.4
Chiquimula,GT.CQ,,,70.6176641328261,0.881382058288602,118.10,51.0,0.4,2.6094113298468,1.72599441272102,84.4319351128866,4.10955803293532,,1,,9.67,23.83,17.27,27.5211696663213,6.25337323978215,76.4143074432069,,3.03142933211022,2.18790117013172,12.2
Jalapa,GT.JA,,,67.235343244634,0.96763713879559,45.17,34.0,0.6,3.5333049410882,3.59732164978028,76.5305458919921,4.51379242095767,,1,,0.96,18.16,44.94,31.4846460100026,6.83590486269704,80.8207541915,,2.35260329303354,1.43600460743606,9.2
Jutiapa,GT.JU,,,62.7416802431489,0.946884605605858,6.75,39.0,0.9,1.57696904853329,1.52116777727296,79.9473928516169,5.10830153608524,,0.528225430052877,,2.52,25.26,54.86,21.538739794775,6.12202076727424,81.6980653348544,,2.11504970366804,1.3050306682207,14.6
Azua,DO.AZ,,,65.1370222,62.3679896,102.6694045,14.78439425,13.5,0.365051062,5.638362269,85.33163082,5.35119366,0.536734019,0.278278194,,47.23367657,4.49877719,21.91622625,0.354474347,9.731703143,62.14283018,82.12974214,,15.15089097,14.09811003
Baoruco,DO.BR,,,74.52477359,72.59920291,294.7368421,15.57894737,18.3,0.331901083,5.004896121,86.46729404,5.034458251,0.523169826,0.132821231,,28.87679257,4.3905667,36.60564559,0.390833566,6.808546719,56.43722652,79.62038717,,25.26222186,12.93425759
Barahona,DO.BH,,,65.10152556,66.50353165,45.30011325,18.34654587,13.6,0.090226204,1.98772956,88.77704208,5.922185277,0.496504462,0.214514216,,25.70800006,5.020150139,20.0091439,0.343905143,11.91365624,63.02053592,78.21073893,,32.7175158,16.43829805
Dajabón,DO.DA,,,53.66144201,63.65839037,257.9535684,20.63628547,16.2,0.347199578,3.853360942,88.57001239,5.913189009,0.49825963,0.052684733,,7.666786517,3.096834417,32.94262766,0.494077346,10.6722029,76.40131104,81.3701079,,31.811406,21.66863887
Distrito Nacional,DO.NC,,,28.31315606,49.74458676,67.34384646,22.44794882,7.1,0.790580699,0.705037684,89.64064101,8.920351265,0.289993014,0.256911772,,0,0.543706878,3.481560424,14.09163994,50.0505554,85.12302151,64.08230091,,29.18645748,15.80266756
Duarte,DO.DU,,,41.73950973,53.79147166,59.14826498,14.1955836,8.9,0.291882657,1.994573166,84.79604898,6.610931448,0.516614249,0.298636033,,9.039529522,2.81315517,33.2061739,0.612310377,19.06912635,76.95326349,71.48423745,,29.61104482,13.49665303
El Seibo,DO.SE,,,69.10578382,66.70502914,101.9367992,6.116207951,11.1,0.616767955,4.210756417,83.67196805,5.126310024,0.57858668,0.21091092,,3.266921813,4.119151814,37.66120408,0.471024227,8.293346129,59.77746871,77.4280141,,15.52640043,10.64667458
Elías Piña,DO.EP,,,83.79228204,88.23686475,,13.91207568,22.7,0.047710828,3.89352211,88.49188129,4.142709908,0.508170079,0.153921079,,11.86802535,4.856438362,69.64686339,0.228585657,3.350618269,54.1740792,78.28039206,,25.69640408,18.9175981
Espaillat,DO.ES,,,32.9991548,51.47696572,77.31958763,17.26804124,10.9,0.312695381,2.974502166,80.6735174,6.587357873,0.49571105,0.244708767,,1.397389188,3.308434811,24.17250987,0.734245805,16.33686444,79.85898418,75.17111369,,16.45427366,8.778439813
Hato Mayor,DO.HM,,,61.54615874,58.78992469,246.1538462,13.53846154,9.8,0.056460776,0.902702151,96.08350054,6.074193184,0.521630825,0.240043064,,19.86075165,4.955105487,27.02046913,0.395483303,9.886091379,71.42139838,76.66738815,,15.19739072,11.92410657
Hermanas Mirabal,DO.SC,,,36.35949103,55.75700336,299.940012,14.39712058,10.5,0.032431381,1.904241979,85.11657875,6.807355255,0.503544801,0.165260566,,6.921630871,2.536018269,26.51207251,0.856065405,19.02567479,75.48012162,72.13471281,,53.86637246,28.44750192
Independencia,DO.IN,,,73.30026707,76.46707903,272.479564,10.21798365,11.3,1.068356044,4.066075199,74.54498846,5.154099652,0.464622441,0.270164687,,57.62979481,4.364458766,44.83858671,0.279816153,5.490165712,55.17612675,84.0436899,,39.39509468,21.6037616
La Altagracia,DO.AL,,,50.53070369,53.35145746,54.12719892,8.119079838,8.3,2.855554099,9.701064034,81.17873721,6.396387942,0.42281335,0.422603249,,15.29736849,5.142339278,24.34453294,0.41182892,11.04553524,80.2251684,70.78696095,,4.529561089,4.073346303
La Romana,DO.RO,,,44.98071237,56.74780148,175.5001755,10.35451035,8.1,1.081999069,2.173433139,88.70741951,6.772597092,0.382001166,0.264336718,,22.35915829,3.825468829,12.47955839,0.757251981,18.46866171,80.92391944,73.90933162,,4.740551925,4.662837959
La Vega,DO.VE,,,30.40593465,54.02350367,67.77822963,23.18015453,11.5,0.412313531,0.956332221,83.07430201,6.421807174,0.523177124,0.415672062,,31.89110735,4.166318012,19.00347556,0.818973145,18.17777231,78.38699964,72.65474312,,14.80852037,11.87663211
María Trinidad Sánchez,DO.MT,,,41.55523979,54.52428331,86.02150538,16.34408602,9.1,0.013293265,2.609125202,78.91286735,6.359619611,0.534156657,0.287235561,,7.723045978,3.52238871,33.40898958,0.701483761,10.90487239,76.89343709,76.2044316,,19.16115165,9.898749929
Monseñor Nouel,DO.MN,,,26.14892573,54.76352054,96.18467458,17.95447259,12.7,0.51995729,1.300345055,90.2238673,6.769718707,0.490813635,0.349637023,,24.38335839,3.088655769,35.91999545,0.46347552,21.21798623,78.4025916,72.09775491,,11.15781519,11.51203155
Monte Cristi,DO.MC,,,59.68623287,58.35106236,250.7312996,22.98370247,11.9,0.692120227,1.255693738,77.35563269,5.773560273,0.545269608,0.200215655,,17.30862245,4.199242193,33.63195618,0.612212793,11.29166419,68.68480927,78.70521335,,18.46289753,14.8409894
Monte Plata,DO.MP,,,69.6969371,64.56945,131.9609396,15.83531275,8.6,0.227331052,2.411283723,88.38225806,5.697669596,0.485701993,0.19029074,,13.39478922,3.973549447,30.04408065,0.511965548,4.924708967,67.03123149,79.72291366,,11.57554904,12.74372372
Pedernales,DO.PN,,,77.89380138,66.14983264,,6.25,16.7,1.065934409,5.099480969,60.83414505,4.409254746,0.389049816,0.304253729,,68.72648257,10.23925361,18.96364,0.168898441,3.727879315,53.69408369,78.96619167,,11.4796689,7.250317201
Peravia,DO.PV,,,47.31974104,59.34429484,73.43941248,18.11505508,10.4,0.681881615,4.762461359,79.91792204,5.716039721,0.504585018,0.308526602,,20.79333454,2.48007892,15.42444067,0.627051288,22.06849058,74.40804479,70.10651664,,13.35288953,11.67063573
Puerto Plata,DO.PP,,,35.69609415,52.93942896,67.35140596,15.65920189,7.8,0.343480932,2.423841649,87.95243981,6.634986622,0.452664825,0.291021867,,9.315472282,3.239328042,21.21408272,0.550900576,17.13978472,76.24511136,75.09230695,,10.68836099,9.49737219
Samaná,DO.SM,,,47.71230829,55.83230153,94.42870633,10.3871577,11.1,1.029337478,6.517248502,86.28768904,6.283530889,0.449633492,0.154832284,,30.32753604,3.995287747,9.564154468,0.505763198,6.463478718,72.76959422,77.12395694,,18.64389224,11.48765078
San Cristóbal,DO.CR,,,35.9476504,58.09978469,87.95074758,17.11041817,10.1,1.141263305,1.031262019,89.81520042,6.595577109,0.392779591,0.253396413,,21.98288919,3.184014715,22.68251871,0.736757077,17.27338779,77.82911179,76.37019475,,12.6101088,7.850001503
San José de Ocoa,DO.JO,,,59.33176233,54.98109485,97.75171065,17.59530792,12.6,0.898269312,1.727018652,88.96977175,5.411532749,0.529788542,0.233969707,,32.77310485,3.425679965,35.97433024,0.435799089,8.555748122,69.05171425,76.65008221,,22.20564509,17.52164183
San Juan,DO.JU,,,62.22832057,66.65121447,160.3206413,15.43086172,15.2,0.480565371,2.791906527,92.82016311,5.371992455,0.549883087,0.288107961,,25.6301904,4.701815075,59.87141334,0.324571489,9.830128622,66.56228815,78.00352521,,26.87678632,17.04381572
San Pedro de Macorís,DO.PM,,,46.65751705,55.36464458,84.54514711,17.92357119,8.5,0.476317263,0.018093053,94.81386364,6.933251612,0.397492017,0.282683459,,5.993596942,2.918171768,17.56753152,0.93747593,18.20743308,76.87762459,72.34772372,,11.73843142,10.96483852
Sánchez Ramírez,DO.SZ,,,44.7273496,55.89278756,121.6545012,16.22060016,7.4,0.010265995,2.887435349,82.56391966,6.536656809,0.520871157,0.335037334,,12.57343167,2.825296636,43.99494469,0.549714453,13.35055772,75.99389884,79.31944567,,23.93839152,11.24578283
Santiago,DO.ST,,,31.57200696,50.06236607,102.7279991,24.25522201,8.2,0.825495207,2.608434694,87.2157869,7.030291059,0.425763086,0.257446762,,43.5297874,3.840155628,29.83782293,2.105032828,30.06392322,81.79764931,64.94720663,,14.15039621,10.24028673
Santiago Rodríguez,DO.SR,,,48.15900092,57.96451657,110.0110011,15.40154015,7.5,0.072522859,0.760229416,83.93594395,6.067213842,0.557518938,0.25604846,,52.61905365,3.756925039,53.86548889,0.474218979,14.0452953,73.18102806,76.55937799,,28.50934376,23.12038244
Santo Domingo,DO.SD,,,34.57043957,53.65483749,84.58370109,19.91394528,8.7,2.177537473,8.605773319,80.26887618,7.621221473,0.356467521,0.303422113,,3.506408135,2.201827771,9.7378455,2.758183404,33.95285029,83.60901652,65.44387465,,6.912879626,6.716578479
Valverde,DO.VA,,,55.10135534,54.95110245,150.6024096,18.37349398,10.7,0.819802292,1.633553214,80.3688742,6.034506778,0.523393554,0.217595425,,19.43615056,2.788817906,43.28123815,1.035270495,15.87133963,76.70572774,74.89485327,,12.05887569,9.280605308
Aceh,ID.AC,217192.8936,2.623408493,15.01,53.6,121.4285714,47,,2.071145896,4.261994439,99.12,9.18,0.566,14.81,69.87,16.06905378,,36.8110074,0.214549881,0.54,57.75,81.96,5.246869479,32.38257781,16
Bali,ID.BA,46663.40183,2.202674889,3.61,43.3,47.32142857,29,,1.21154732,3.073930596,96.81,8.84,0.807,09.09,71.99,3.808521832,,16.15743666,2.067172981,3.51,69.61,83.6,8.082703979,17.58982855,15.4
Banten,ID.BT,184500.9927,2.376235004,4.94,45.3,97.32142857,32,,2.312650862,2.845586496,97.98,8.74,0.539,23.53,69.84,10.78221656,,23.36953084,1.449510915,2.22,65.21,83.71,4.781564561,9.406341482,8.7
Bengkulu,ID.BE,115655.1165,3.132325524,14.91,46.2,131.6964286,29,,1.728703327,2.334055757,98.66,8.73,0.621,15.56,69.21,24.06076757,,48.99338613,0.160719331,1.17,61.18,85.51,2.485273881,20.25074869,11.9
DI Yogyakarta,ID.YO,36271.08794,2.238363644,11.44,45.6,109.8214286,25,,1.196250901,2.57892044,99.53,9.38,0.817,12.73,74.92,1.080730479,,19.17543921,2.396580779,4.65,67.66,89.67,9.417117875,14.44979196,18.2
DKI Jakarta,ID.JK,1494802.858,2.706422505,3.42,42,78.57142857,22,,1.042072943,1.042072943,98.12,11.06,0.593,19.81,72.79,0.632229033,,7.90339413,18.68204422,10.26,78.42,82.79,19.01628221,12.4315667,23.3
Gorontalo,ID.GO,47818.21982,3.735558216,15.31,47.5,370.9821429,67,,1.673047473,5.10629673,98.41,7.69,0.584,28.89,67.93,17.59670643,,46.77216585,0.18378267,0.19,60.36,88.96,2.521749031,15.64496473,15.7
Jambi,ID.JA,48533.68592,1.916827135,7.51,44.5,150,34,,1.835178273,2.837506074,99.07,8.45,0.526,16.98,71.06,16.78646426,,34.64071041,0.195714895,01.07,64.75,85.28,3.351514414,21.52206428,11.4
Jawa Barat,ID.JR,664111.7739,2.362749857,6.82,46.4,114.2857143,30,,1.55194311,3.837715719,98.27,8.37,0.546,22,72.85,5.015581755,,27.38280658,1.426913095,2.79,66.24,82.57,3.726769373,9.461420117,8.5
Jawa Tengah,ID.JT,393052.1495,2.364925119,10.58,47.7,124.1071429,32,,0.769389623,2.089052247,97.77,7.53,0.703,22,74.23,0.519313923,,28.88304361,0.87027798,2.11,61.66,80.21,2.933187391,12.89045778,11.5
Jawa Timur,ID.JI,408722.338,2.310702718,10.2,43.9,136.6071429,30,,0.617716114,2.201451081,98.01,7.59,0.688,15,71.18,4.971261611,,29.55627239,1.095204576,1.58,62.16,82.53,3.620427156,11.61775207,10.7
Kalimantan Barat,ID.KB,118332.3127,1.906943852,7.28,49.7,133.4821429,31,,1.639842227,3.952393663,97.09,7.31,0.622,10.77,70.56,10.01300711,,38.30248449,0.054294638,0.89,58.57,82.17,1.590064761,12.55691605,10.3
Kalimantan Selatan,ID.KS,75242.57148,2.071883389,4.47,47.7,164.2857143,44,,1.815736013,3.583886532,98.81,8.2,0.645,16.36,68.49,5.491496316,,34.11800247,0.286434831,0.83,68.97,83.02,2.453515135,15.74195037,11.4
Kalimantan Tengah,ID.KT,107069.6374,2.449398853,4.81,43.3,242.8571429,49,,2.469380403,4.963256484,99.14,8.51,0.531,24.44,69.69,10.45907558,,43.41009623,0.058728063,0.58,70.28,79.95,1.985380799,18.97313324,9.1
Kalimantan Timur,ID.KM,108850.2881,2.516193551,5.91,44.5,101.7857143,21,,2.446851972,3.796196588,98.41,9.7,0.509,10.91,74.22,3.685391133,,37.96192487,0.098417972,2.82,76.88,80.73,4.784115744,18.61591152,18.4
Kalimantan Utara,ID.KU,,,,,,,,,,,,,,,,,,,,,,,,
Kepulauan Bangka Belitung,ID.BB,65292.54579,2.167992139,4.5,44.9,172.3214286,27,,2.336205495,4.041209507,97.73,7.98,0.511,4.44,70.5,2.23635984,,27.77498517,0.330521674,1.15,67.77,86.52,2.684761195,14.71620432,13.2
Kepulauan Riau,ID.KR,287188.5776,1.187063158,5.8,46.4,83.92857143,35,,3.245510397,3.325495363,99.13,9.99,0.523,17.78,69.8,3.17647808,,24.341673,0.567259095,2.98,76.39,83.85,4.481239441,16.41260289,14.4
Lampung,ID.LA,165536.7597,2.121262108,12.3,48.6,116.0714286,30,,1.162169243,3.594392891,99.24,7.92,0.56,14.12,70.51,12.50206514,,30.99535661,0.246603164,0.3,61.54,80.6,2.261858566,14.75024066,9.1
Maluku,ID.MA,24611.88835,3.008806018,17.65,58.2,171.4285714,36,,1.88079642,2.4572232,96.21,9.81,0.646,26.67,65.82,10.01845862,,39.81170552,0.133204491,0.58,56.96,79.3,2.624451715,12.17573501,13.9
Maluku Utara,ID.MU,75087.87472,3.489866719,6.91,56,176.7857143,62,,2.257260615,2.890477031,97.09,9,0.553,20.45,68.18,6.913735374,,37.46155668,0.128308119,0.02,53.69,82.79,2.103918319,17.60888158,11
Nusa Tenggara Barat,ID.NB,364017.0694,3.536453423,13.88,52.2,127.6785714,57,,1.349615819,3.445348236,98.87,7.27,0.758,9.23,66.28,9.598326208,,15.82469346,0.816957342,0.4,57.1,82.91,1.865092521,14.0494836,7.1
Nusa Tenggara Timur,ID.NT,56891.17494,2.502486986,20.62,63.4,339.7321429,45,,1.774680209,4.825115496,96.16,7.55,0.77,10.77,66.85,5.851051455,,29.12659235,0.51462568,0.46,45.01,80.15,1.820064724,19.14009479,8.1
Papua,ID.PA,255731.8074,2.925167598,26.55,43.7,220.0892857,54,,2.024501225,4.42940147,79.19,6.65,0.689,16.36,65.65,22.10176855,,30.03534827,0.039452511,0.52,38.5,95.75,2.181938743,12.73755599,12.4
Papua Barat,ID.IB,42883.25776,2.671141833,21.51,47.1,280.3571429,74,,2.828955965,4.974266327,93.76,7.44,0.563,5.36,65.9,17.95686239,,41.0026696,0.074419236,0.71,66.49,87.59,3.91512909,22.09251415,13.8
Riau,ID.RI,296276.5287,2.324838524,6.9,49.7,115.1785714,24,,2.786417694,3.079983406,97.32,09.03,0.505,28.13,71.48,7.288717057,,37.70778292,0.135509162,0.96,67.29,84.68,4.195983876,17.89692428,9.8
Sulawesi Barat,ID.SR,92971.36962,2.844273276,10.95,53.8,338.3928571,60,,2.064228061,2.11691028,95.86,7.73,0.609,17.78,64.82,11.50919969,,58.17794655,0.071219323,0,52.18,86.81,1.237186625,11.9359663,9.1
Sulawesi Selatan,ID.SE,236033.4294,2.084230864,8.56,51.3,158.9285714,25,,1.076373381,3.581384255,98.06,8.26,0.626,19.05,70.43,5.853004302,,31.3933552,0.505475332,0.64,65.07,81.59,4.559797479,15.38849639,15.3
Sulawesi Tengah,ID.ST,76121.82489,2.737101059,13.18,49.7,332.1428571,58,,1.704459562,4.690782577,93.17,8.75,0.566,24.44,68.23,10.90996263,,36.16173667,0.092836293,0.63,57.68,83.98,2.233532067,23.57467907,13.7
Sulawesi Tenggara,ID.SG,118058.9851,2.392352508,11.04,58,206.25,45,,2.282046711,5.688745798,97.53,8.91,0.664,18.18,70.97,7.925718297,,30.72887534,0.200090059,0.65,62.68,82.7,1.798064828,18.19641606,10.8
Sulawesi Utara,ID.SW,129586.483,3.438814415,7.51,46.4,235.7142857,33,,1.102427888,3.435902776,94.97,9.43,0.515,33.33,71.58,17.73771455,,34.72910006,0.322068045,0.67,67.9,83.55,8.170097894,16.21954829,21
Sumatera Barat,ID.SB,463652.1713,3.051603817,6.29,54.8,181.6964286,27,,1.302077981,4.48535059,98.67,8.92,0.672,10.77,69.31,19.19994702,,46.87042629,0.215173209,1.22,62.62,78.98,3.92128043,16.54791149,13.1
Sumatera Selatan,ID.SL,188977.3654,2.180061536,12.56,48.4,93.75,29,,1.451962147,1.931792963,97.91,8.18,0.608,21.33,69.65,8.335377256,,43.02935854,0.125213448,1.32,60.7,84.02,2.839738541,20.50520335,10.8
Sumatera Utara,ID.SU,776128.3599,3.362481966,8.63,55.3,144.6428571,40,,1.285469771,2.914063985,97.67,9.45,0.691,17.17,68.95,6.003317807,,35.22951434,0.300612247,1.16,60.66,78.03,4.870267106,18.73935925,15.4
Buenos Aires,AR.BA,625227.642,2.372122403,35.9,56.77779446,3.4,9.9,,1.126190907,,89.01684718,,,,75.18,5.1,22.58,15.21384701,0.427926437,,,82.19,29.04198559,,36.57295069
CABA,AR.DF,115141.2425,2.920953336,12.6,56.52653971,1.5,7.5,,0.122866817,,94.13065669,,,,77.17,1.74,3.25,3.157562641,1.180704961,,,81.04,131.2075818,,72.32467355
Catamarca,AR.CT,12909.75475,1.504737636,35.5,52.88073177,10.5,11.7,,0.963031178,,91.12817739,,,,75.96,18.14,50.04,28.37050433,0.065840091,,,77.61,26.5050739,,48.76733936
Chaco,AR.CC,38103.00296,2.081650037,41.4,55.63994749,4.1,11.9,,1.116257897,,83.50965147,,,,72.85,9.4,09.06,18.87664085,0.332837728,,,77.78,24.29647935,,33.00098726
Chubut,AR.CH,20346.73171,0.976027494,35.5,51.82886831,2.1,9,,2.017025867,,92.01754855,,,,75.97,23.15,42.68,29.49840061,0.09700624,,,79.01,35.06699962,,34.99773147
Córdoba,AR.CB,123938.8427,2.447159442,36.5,54.81308466,2.8,8.9,,1.108544293,,87.62638768,,,,75.75,8.72,17.9,20.36444034,0.286277987,,,80.75,46.80663461,,38.57159494
Corrientes,AR.CN,35059.84408,1.35170075,49.3,56.16858108,4,13.5,,0.977132637,,86.31166026,,,,74.41,16.39,22.89,20.5762402,0.265383048,,,80.59,32.84119354,,33.5999926
Entre Ríos,AR.ER,43179.927,2.159860491,41.9,55.5862966,2.7,10.4,,0.999785962,,86.75298587,,,,74.98,6.34,11.12,24.55072081,0.312382343,,,76.85,31.7424872,,38.41920016
Formosa,AR.FM,18157.5159,0.662840243,32.5,57.66290872,12.3,15,,0.937441286,,88.13192683,,,,73.93,8.31,9.94,13.27415253,0.236042142,,,77.75,20.68031214,,35.63034755
Jujuy,AR.JY,24962.54685,1.676814358,31.7,54.03544003,3.2,11.6,,1.24043591,,91.34511401,,,,74.82,38.18,18.89,52.64272267,0.156032364,,,81.79,24.3706401,,36.46770992
La Pampa,AR.LP,10795.70601,1.38015177,32.1,55.71882968,1.9,7.9,,0.923242573,,89.04460878,,,,76.2,0.76,40.09,20.32859594,0.222284642,,,81.25,35.90503508,,34.69183197
La Rioja,AR.LR,12213.58454,1.330718658,30.5,49.85588777,4.9,9.4,,1.442232016,,89.10321002,,,,75.33,7.71,25.42,35.91591907,0.072125544,,,80.78,40.89798567,,50.25759026
Mendoza,AR.MZ,67055.39791,1.424592514,30.7,57.92730147,3.9,8,,1.180008143,,89.02271943,,,,76.33,12.18,20.13,30.98454204,0.133928347,,,81.1,35.89322748,,27.66583903
Misiones,AR.MN,40353.90037,1.424941425,35.7,56.90127522,3.9,10.3,,1.295403293,,82.65751426,,,,74.21,15.7,16.9,21.20670784,0.194066446,,,79.9,19.73954103,,28.04393356
Neuquén,AR.NQ,23213.90178,0.612736262,27.1,52.79957295,1.8,7.5,,1.580273417,,90.5426735,,,,77.29,25.93,38.46,21.08446759,0.123422043,,,84.23,44.26798029,,29.79820225
Río Negro,AR.RN,22639.23768,0.760469142,29.7,53.23320696,1.7,7,,1.495388497,,89.89275766,,,,76.35,20.12,25.51,18.25594436,0.091937745,,,80.35,38.868565,,30.91144316
Salta,AR.SA,44732.94185,1.493318313,37.7,58.33918697,6.5,11.8,,1.458365392,,88.49526945,,,,74.86,18.08,18.08,22.40114264,0.16875595,,,76.11,24.79513684,,33.24264468
San Juan,AR.SJ,26446.1198,1.798795129,33.1,57.00915594,2.9,8.1,,1.183529093,,87.15402933,,,,75.23,27.19,36.81,35.44597264,0.067365077,,,82.44,33.41859669,,29.6860953
San Luis,AR.SL,16181.67959,2.270590589,31.3,53.73025546,6.7,9.7,,1.409799683,,88.5721179,,,,76.13,5.55,35.31,19.81090293,0.17636827,,,81.53,32.76746286,,26.92648655
Santa Cruz,AR.SC,11639.22289,0.125592039,18.6,50.66323642,3.3,9.2,,3.225517283,,93.98877726,,,,75.32,7.55,58.57,22.18408443,0.106872865,,,74.73,34.32483862,,35.56915195
Santa Fe,AR.SF,117820.0975,2.404178572,34.4,54.35120917,1.6,8.2,,0.815639045,,86.34039934,,,,75.1,6.75,11.36,15.79012492,0.321606986,,,79.48,44.49950608,,33.49139552
Santiago del Estero,AR.SE,29753.48859,2.405182754,38.9,56.370551,2.9,10.7,,1.064043004,,79.46201128,,,,74.25,1.5,25.36,17.8625599,0.296297402,,,80.45,19.57128649,,38.16187671
Tierra del Fuego,AR.TF,5766.4925,1.229634287,17.9,43.94877904,3.5,6.7,,3.117378331,,96.90173889,,,,76.98,13.66,91.29,16.56887766,0.068445858,,,75.88,53.09598809,,23.0018721
Tucumán,AR.TM,55906.66071,2.620590732,32.2,55.81415689,2.8,11,,1.340330318,,86.95603489,,,,75.12,21.88,9.68,15.95664686,0.474610882,,,82.84,36.46784954,,33.66644437
CLARENDON,JM.CL,,3.730783524,19.3,0.589761052,,14.46147205,,,1.965355779,,,0.416272769,0.632648198,,30.26,9.402384004,5.172933526,3.554785098,10.45980066,92.3654485,50.92668359,,,8.690379951
HANOVER,JM.HA,,2.767725792,10.8,0.571651372,,12.17391304,,,1.658661543,,,0.316414091,0.711828091,,23.69,11.18625934,6.576242009,2.627011967,8.162741998,91.44407881,45.86673069,,,5.982905983
KINGSTON,JM.KI,,3.616509208,28.6,0.515167497,,16.72025723,,,-0.728251364,,,0.200174132,0.344276895,,27.47,2.118880848,19.56198175,5.883803849,12.72119613,92.97449428,44.26804396,,,36.91134699
MANCHESTER,JM.MA,,3.253396876,22.5,0.541836585,,14.91712707,,,0.662490966,,,0.375977446,0.463816203,,05.07,10.37694964,4.698090702,2.932200133,14.00698746,93.04967172,51.61227519,,,16.54488518
PORTLAND,JM.PO,,3.803406032,21.5,0.532594634,,7.402422611,,,0.372162263,,,0.399583183,0.326378245,,43.96,12.18030896,6.231383516,1.215419725,14.01290228,91.03438164,50.45802065,,,11.51515152
SAINT ANDREW,JM.SD,,3.162578325,17.7,0.430975532,,15.13053797,,,0.262625134,,,0.191804162,0.379694514,,15.67,7.375019657,19.56198175,5.883803849,29.43005514,92.99055434,47.44241645,,,36.91134699
SAINT ANN,JM.SN,,3.362802327,18.4,0.556850206,,15.54559043,,,1.152606126,,,0.345802739,0.759857889,,9.24,14.90040716,5.754646058,1.81495188,11.83566134,93.95163595,49.01113641,,,15.57471264
SAINT CATHERINE,JM.SC,,4.024476721,24,0.494797926,,13.10942579,,,1.198510818,,,0.24719257,0.630154073,,18.1,9.589170594,7.555983383,2.885874296,24.55716485,92.82513176,45.40439953,,,8.490203611
SAINT ELIZABETH,JM.SE,,2.237647198,23.8,0.580522965,,10.19637462,,,0.700241626,,,0.445151455,0.864083249,,16.98,15.31235352,6.054476959,2.484319792,8.547254874,92.05385265,55.04558094,,,6.398416887
SAINT JAMES,JM.SJ,,2.784837283,11.2,0.515379605,,17.88062056,,,1.421953216,,,0.243664916,0.768374123,,7.82,10.61625736,11.74552323,3.325752278,17.34043453,93.45506805,44.34110117,,,21.56334232
SAINT MARY,JM.SM,,3.872607347,9.4,0.577044265,,10.66925315,,,1.891763486,,,0.381543828,0.691103263,,2.82,9.15418251,1.676952644,2.767418159,10.85061197,90.6387973,57.04139398,,,15.43156059
SAINT THOMAS,JM.ST,,4.064455012,32.5,0.560144879,,9.054895303,,,0.417360331,,,0.398691373,0.599931832,,25.92,12.52510996,5.108095545,1.149882355,12.17855102,89.65648613,51.13430193,,,13.60759494
TRELAWNY,JM.TR,,3.477694984,13.2,0.584802227,,11.61202186,,,0.061581526,,,0.368427732,0.549319758,,32.02,14.53446333,2.257146007,1.661909897,9.704079987,91.3723593,54.25708312,,,12.38471673
WESTMORELAND,JM.WE,,2.590891288,18.9,0.593284242,,9.733237203,,,1.093023256,,,0.362714159,1,,15.74,13.48359119,6.281380584,2.483158866,7.24035728,92.69713894,40.61553789,,,11.27147766
An Giang,VN.AG,,,3.9,43.8,,14.4,6.2,0.189792739,2.120987196,0.288053384,,,,73.4,0,13.03111057,13.74689645,3342.400186,,,,4.634010576,11.60126171,24.61
Ba Ria-Vung Tau,VN.BV,,,0.7,41.2,,8.1,5.6,1.494461014,2.625659858,0.361431857,,,,76.1,10.2481086,18.59159027,22.34532892,6223.962612,,,,4.181217555,10.30674847,18.07
Bac Giang,VN.BG,,,7.9,44.3,,15.3,7.8,0.673908801,3.460982659,0.360756417,,,,73.1,4.786010021,12.98347017,42.61974515,1846.102367,,,,7.694675285,11.44967682,27.4
Bac Kan,VN.BK,,,17.1,40.9,,17.6,7,0.856449376,3.303167421,0.165951892,,,,72.1,7.224193896,12.36745952,38.73704352,1355.993858,,,,12.72372275,19.88285063,37.81
Bac Lieu,VN.BL,,,8.4,38.2,,12.1,9.3,0.851377953,1.188642926,0.155282485,,,,74.3,1.028632551,10.32021078,33.90923299,1804.545253,,,,6.116869803,11.58446292,23.1
Bac Ninh,VN.BN,,,2.1,49.4,,12.8,8.4,1.650691151,10.54760423,0.185074797,,,,74,0,3.618989504,16.96472216,2283.548165,,,,7.275459689,9.405940594,28.01
Ben Tre,VN.BR,,,8.6,42.9,,9.8,6,0.074615143,1.053962901,0.491233603,,,,75.3,1.498986746,6.820986386,13.61976012,2563.013242,,,,5.58548566,11.48787831,30.58
Binh Dinh,VN.BD,,,9.1,49.2,,15.1,5,0.286912979,2.221646815,0.298973287,,,,73.1,4.855634524,18.20119578,160.1981768,4139.851565,,,,5.17002311,14.02443051,22.45
Binh Duong,VN.BI,,,0,30.3,,9,7.6,7.401965203,34.51168364,0.380816372,,,,75.7,1.465364837,14.06342321,19.93918572,6559.742907,,,,3.693424424,7.018573868,17.77
Binh Phuoc,VN.BP,,,6,47,,14,6,1.810905453,6.171032357,0.303504803,,,,73.5,29.72711584,12.22170943,53.52197414,4329.837592,,,,4.257372654,11.92493298,28.15
Binh Thuan,VN.BU,,,3.8,42.4,,12.5,5.8,0.720903556,1.862891207,0.488450466,,,,74.1,8.911403943,14.35624008,37.61746911,4044.272631,,,,5.126718569,12.6470101,30.07
Ca Mau,VN.CM,,,4.7,42.4,,11.3,8.6,0.304336799,1.826758148,0.06362507,,,,74.6,32.45871974,9.321785754,35.02030431,4365.741683,,,,4.899704045,10.15291023,26.24
Can Tho,VN.CN,,,3.1,38.9,,9.3,5.9,0.861618799,4.517253398,0.230178605,,,,75.6,0,6.968678122,12.45593295,4467.511543,,,,7.058063474,11.74997981,25.43
Cao Bang,VN.CB,,,24.4,47,,23.9,6.9,0.390176273,6.374663073,0.302485261,,,,70,3.394031773,21.322326,76.9662452,1807.589049,,,,13.45636294,22.77970012,42.52
Da Nang,VN.DA,,,0.8,42.5,,8.8,4,2.744197592,3.27507036,0.240006404,,,,75.8,44.28874837,12.61188436,22.94513005,3434.903432,,,,9.24878436,17.75329959,46.76
Dak Lak,VN.DC,,,10,46.5,,24,7.2,1.176967139,2.27124183,0.385092817,,,,70.1,19.03506432,14.39202724,44.56354748,4967.243396,,,,5.874652266,11.1711122,25.64
Dak Nong,VN.DO,,,15.7,54.1,,25.7,7.1,3.876298395,4.466019417,0.340231376,,,,69.2,18.71793754,16.237101,45.44731933,3160.333785,,,,4.060913706,10.23980396,19.32
Dien Bien,VN.DB,,,29.1,62.8,,33.8,7.5,2.492588369,1.71388102,0.256823402,,,,67.2,5.61182519,25.33029702,133.4913179,1171.009463,,,,9.422040513,16.11224679,35.46
Dong Nai,VN.DN,,,0.8,38.5,,7.7,7,2.79971729,3.885209713,0.431792327,,,,76.4,44.68181213,11.731862,25.99458154,7545.273057,,,,4.6854083,11.42816882,25.82
Dong Thap,VN.DT,,,7.2,40.7,,11.9,6.7,0.273254041,1.397562833,0.247441715,,,,74.4,3.044356648,8.872601757,11.06915484,4699.752573,,,,5.638494022,12.44870041,25.44
Gia Lai,VN.GL,,,15.7,54.6,,26.3,8.9,1.896815937,3.017862739,0.402207436,,,,68.7,10.65355778,18.40710214,123.9195589,4417.572714,,,,5.907969226,13.12962694,24.64
Ha Giang,VN.HG,,,24.2,57.3,,33.6,9.8,1.76177204,5.437017995,0.106382995,,,,67.2,6.460406598,18.29210693,92.90603191,2013.13079,,,,8.34178499,17.26673428,34.5
Ha Nam,VN.HM,,,5.5,46.4,,12,6.4,0.144066726,9.591194969,0.346090887,,,,74.3,0.000359395,4.997719218,20.41638581,1232.473475,,,,6.154615962,13.83537653,31.51
Ha Noi,VN.HI,,,1.8,45.6,,10.2,5.8,2.341552011,5.129263991,0.197436659,,,,75.2,3.12116476,6.780238592,15.99429781,12142.59065,,,,4.936653561,10.09878944,15.01
Ha Tinh,VN.HT,,,13.3,54.8,,17.1,6.5,0.108190415,4.738202973,0.226237423,,,,72.3,13.12748218,28.67084976,133.1331127,3792.459239,,,,7.185533339,12.72205847,30.28
Hai Duong,VN.HD,,,3.5,43.8,,11.7,4.7,0.528033225,6.051051051,0.257552724,,,,74.4,1.006029035,8.302885111,16.42584155,2847.764071,,,,6.244328494,15.68171506,30.23
Hai Phong,VN.HP,,,2.9,44.8,,12,5.4,1.070824405,2.665654335,0.155422469,,,,74.3,16.09634021,4.405226674,11.90067292,2925.42385,,,,7.841726619,16.28468654,33.74
Hau Giang,VN.HU,,,9.9,38.7,,10.1,6.1,0.252827678,6.100682594,0.193887732,,,,75.2,1.683533488,5.737690692,30.85372548,2500.440577,,,,5.583029672,11.6736075,29
Ho Chi Minh City,VN.HC,,,0,34.2,,7.7,2.6,3.044504004,2.892992516,0.130990025,,,,76.1,28.3813594,6.134834942,11.29425304,14157.81114,,,,5.955975394,13.00442251,35.58
Hoa Binh,VN.HO,,,15.7,42.7,,17.4,5.8,0.231097416,0.75617284,0.206822716,,,,72.4,12.2542905,9.283770537,46.56197132,2003.242427,,,,6.997797896,14.35037925,33.89
Hung Yen,VN.HY,,,3.5,46.5,,12.2,6.5,0.477947795,2.430441899,0.210275581,,,,74.2,0,4.741647487,23.41395464,1237.778908,,,,6.078922373,13.12494603,28.62
Khanh Hoa,VN.KH,,,5,42.6,,14,7,0.809865471,2.650151905,0.43120427,,,,73.5,7.226771264,21.21221213,29.5801607,3748.896495,,,,5.163338625,14.21171359,27.43
Kien Giang,VN.KG,,,3.6,43.3,,12.6,6.7,0.871712557,2.072654889,0.201556053,,,,74.2,49.8412374,11.06825194,21.04867962,4749.04292,,,,5.757662561,13.68662274,28.37
Kon Tum,VN.KT,,,16.5,58.5,,38.1,7.6,2.847150259,3.791208791,0.520967886,,,,66,9.911050392,23.24966158,142.4250755,2613.252652,,,,9.376290789,20.40479141,37.9
Lai Chau,VN.LI,,,31.5,65.7,,41.9,6.9,1.903560415,5.760171306,0.172836677,,,,65.1,2.337966551,18.75239205,167.1440505,949.185648,,,,7.849747171,23.74187334,36.99
Lam Dong,VN.LD,,,6,46.9,,16.3,7.7,1.311417148,1.547951583,0.336608789,,,,72.6,31.4075271,23.07508966,33.91373823,6630.428007,,,,6.090685301,13.16604463,23.98
Lang Son,VN.LS,,,16.2,41.6,,18.3,10.4,0.504074023,0.889212828,0.344521598,,,,71.9,1.376817041,14.64542859,85.41999136,1726.642356,,,,8.716996152,16.78386626,34.01
Lao Cai,VN.LO,,,21.4,51.5,,28.8,5.8,1.60130719,2.919099249,0.038626229,,,,68.6,6.847348178,14.69787354,137.7755593,2329.847405,,,,8.072760072,21.45219483,44.87
Long An,VN.LA,,,5,41.5,,9.5,5.6,0.650208124,1.306001691,0.432645632,,,,75.4,1.12819968,19.29206104,27.12458062,6713.99956,,,,5.65897245,11.94747174,25.53
Nam Dinh,VN.ND,,,3.8,48.5,,12.6,5.4,0.002160994,1.942776404,0.220203154,,,,74.1,32.98305058,6.194540076,15.854661,1783.813296,,,,4.616384915,10.01842219,27.73
Nghe An,VN.NA,,,12.3,44.5,,16.8,5.8,0.636828291,3.873091889,0.232695512,,,,72.5,78.57466167,18.13881827,167.311055,5718.890017,,,,5.310462896,12.89589781,30.3
Ninh Binh,VN.NB,,,5.5,48.6,,14.3,5.5,0.569669838,3.754486719,0.402998222,,,,73.4,20.64463092,9.20220017,31.36147598,2356.398352,,,,6.785637957,12.82325283,30.72
Ninh Thuan,VN.NT,,,8.2,47.7,,16.4,6.6,0.876072276,2.931654676,0.542480158,,,,72.6,15.20096047,15.14747005,24.53965089,1614.771675,,,,6.605691057,13.53319783,29.56
Phu Tho,VN.PT,,,8,46.7,,15.1,6.4,0.565019656,2.99898167,0.210674927,,,,73.1,4.212820645,7.386427385,49.06637849,2280.278164,,,,8.300249963,11.67475371,40.61
Phu Yen,VN.PY,,,9.3,46.4,,15.2,7.6,0.658554044,4.907084785,0.355361942,,,,73.1,6.604707253,17.00644381,72.18052113,2237.936594,,,,5.138607167,11.75343701,23.79
Quang Binh,VN.QB,,,12.5,49.6,,17,6.5,0.513067566,4.860869565,0.237470751,,,,72.4,15.72916159,25.21028079,52.03532637,2404.182851,,,,5.217691776,10.87307072,22.93
Quang Nam,VN.QM,,,10.6,47.7,,16.6,6.8,0.51442376,4.920502092,0.299789004,,,,72.5,16.06982863,39.12229777,66.39046995,8683.154072,,,,5.122978666,10.78271504,29.37
Quang Ngai,VN.QG,,,11,46.7,,17.9,5.8,0.300826446,1.947976879,0.329775143,,,,72,0.289600932,23.87760744,107.3564424,5027.217055,,,,5.058804575,12.06702111,22.42
Quang Ninh,VN.QN,,,4,45,,15.1,8.8,1.050998996,3.968732341,0.126630889,,,,73.1,6.569395241,14.86525072,26.12064099,3547.506011,,,,7.67883942,11.64749041,40.29
Quang Tri,VN.QT,,,10.7,57.5,,31.9,7,0.501439946,1.921311475,0.200092632,,,,67.7,12.08660581,13.98534952,42.5955817,3137.565581,,,,7.738481506,17.32641142,33.4
Soc Trang,VN.ST,,,12,41.2,,13.1,6,0.41395201,6.945500634,0.188994743,,,,73.8,0,8.213826496,16.53637217,3885.981125,,,,4.282327751,10.04817619,20.2
Son La,VN.SL,,,22.6,54.5,,22.9,10.3,1.704287827,2.575640031,0.110931245,,,,70.4,5.089710108,15.78292593,54.09537815,1366.228048,,,,5.692729767,12.00274348,29.96
Tay Ninh,VN.TN,,,2.1,38.9,,11.8,5.4,0.706029667,5.961165049,0.328928351,,,,74.4,6.170172505,11.49905183,62.21851844,4753.996143,,,,3.63158848,8.739358812,20.2
Thai Binh,VN.TB,,,4.6,47.8,,10.3,6.6,0.007260542,3.888888889,0.160532789,,,,75.1,15.63721303,5.300613441,15.32451806,1179.994544,,,,7.374070554,9.224576508,30.2
Thai Nguyen,VN.TY,,,9.1,43.8,,14.7,9.1,1.063268093,5.706707086,0.347471498,,,,73.2,8.951367883,8.777230445,54.89440679,1410.699057,,,,7.730992158,16.41663825,35.38
Thanh Hoa,VN.TH,,,12,43.8,,15.5,7.1,0.220288674,6.403301887,0.249786518,,,,73,10.41618347,12.59512531,82.49394468,6035.301864,,,,6.481507966,9.622150396,30.3
Thua Thien Hue,VN.TT,,,4.7,48.8,,20,5.8,0.64125268,5.582374404,0.335693862,,,,71.3,23.7718768,19.19081876,62.33219827,3751.907615,,,,5.548683513,9.93108323,20.02
Tien Giang,VN.TG,,,6.3,42.6,,9.1,6.6,0.472698624,1.970310391,0.515105581,,,,75.6,0.001091685,8.485197408,11.22831974,3468.952971,,,,4.988054309,10.32573859,21.06
Tra Vinh,VN.TV,,,12,42.2,,12.3,11.2,0.448394264,2.981586402,0.535487454,,,,74.2,0,6.589856087,12.85365791,2798.538449,,,,5.149130477,9.705625182,23.47
Tuyen Quang,VN.TQ,,,14.7,46.2,,18.6,8.6,0.676871226,2.869674185,0.173658097,,,,72,9.182645688,14.33165382,55.82297957,1484.359794,,,,5.863624304,7.176970019,29.25
Vinh Long,VN.VL,,,5.4,41.4,,10.1,4.8,0.24406979,1.575837163,0.274432588,,,,75.1,0,6.72200075,9.847062594,2310.988697,,,,5.722515602,10.28324532,21.99
Vinh Phuc,VN.VC,,,3.7,48.5,,12.9,5.2,0.885911841,4.75104979,0.330124079,,,,73.9,12.00115719,5.787168182,23.56212656,1631.005104,,,,7.879834917,14.96304828,39.35
Yen Bai,VN.YB,,,19.7,50.1,,26.9,9.8,1.022932592,1.427561837,0.109144425,,,,68.8,7.678001405,17.16015094,87.06024733,1554.104682,,,,7.428206765,15.80089343,37.36
Alto Paraguay,PY.AG,119.92826,0.918981881,46.47,,280.9,33.7,46.72897196,1.983165413,,,6.23,,,69.575,43.30879699,46736.98209,131.131867,0.090865075,3.44,93.3,68.51910828,27.87618329,29.61844474,21.48789128
Alto Paraná,PY.AA,44910.74121,3.491937758,21.36,,58.2,16.4,33.02514811,1.607216829,,,09.07,,,74.425,3.131052597,7652.280165,58.72929215,1.257687901,8.24,98.68,62.8899323,6.301078589,7.380546236,3.765584814
Amambay,PY.AM,9114.781666,3.350533818,15.24,,152,14.9,52.25980245,1.723416669,,,8.64,,,74.05,5.978057848,16392.985,50.4788198,0.490770567,11.45,98.46,68.50165347,10.45834296,10.21512568,5.958823315
Asunción,PY.AS,26447.74512,1.987591061,11.59,,33,10,61.89027187,0.196719887,,,11.62,,,74.34,5.977940866,555.246893,7.544585241,11.8521467,34.84,98.54,67.4677501,56.52530571,49.71479807,22.32015109
Boquerón,PY.BQ,2277.536134,2.670195327,21.46,,125.5,20.7,41.99197487,2.320458304,,,7.11,,,73.225,13.6187624,19216.79922,86.51596048,0.137878601,9.54,90,57.23506497,9.839551824,10.47436162,4.761073463
Caaguazú,PY.CG,23861.47474,3.431586905,43.68,,82.5,11,40.25198723,1.079211194,,,7.56,,,74.16,2.027795419,6108.53415,66.7400183,0.94924063,5.49,96.71,59.22903432,7.382250359,10.95430698,4.30478619
Caazapá,PY.CZ,6379.229508,3.4600873,46.97,,39.9,12.8,38.17467319,1.420600153,,,6.41,,,74.64,5.442937858,7074.853322,96.88086937,0.731128929,2.63,96.39,56.67136209,11.54283856,11.38026337,10.3506205
Canindeyú,PY.CY,8217.67247,3.450570961,38.04,,110.5,13.5,20.38821641,2.280219274,,,7.2,,,73.7,20.20667298,9229.139328,101.9485835,0.647006446,1.2,97.49,59.21960852,9.023356959,9.925692655,5.594481315
Central,PY.CE,71038.03451,2.005470484,16.18,,41.2,10.9,43.07919821,2.335123397,,,10.06,,,74.57,19.2145092,3371.451365,34.03652134,4.290730962,15.48,97.69,61.8400986,17.33556431,15.06726942,7.007583344
Concepción,PY.CN,10904.71212,3.279862917,43.97,,156,14.5,45.58393055,1.551294216,,,7.63,,,74.44,12.52656451,13776.35628,51.66141218,0.37305661,8,96.63,60.0867516,11.30818491,15.40535336,8.767940476
Cordillera,PY.CR,10050.96804,2.360367173,26.9,,22,12.3,63.41469849,1.392481955,,,7.92,,,74.34,3.038339966,5571.295735,54.57474202,1.315325019,8.47,94.92,63.60461993,10.22611067,12.3314864,6.783988451
Guairá,PY.GU,8167.221913,2.708714331,33.88,,,11.5,49.12507172,1.048435763,,,7.28,,,74.35,6.913952185,3561.776118,48.84247311,1.22000176,5.24,95.84,60.38903438,15.35200935,15.98601563,7.245786123
Itapúa,PY.IT,20202.32494,2.965859545,33.16,,104.8,10.5,34.68269748,1.362954255,,,7.88,,,74.305,4.4125013,6623.046068,70.42771347,1.045358548,5.9,96.4,56.84455424,8.884879995,6.114689274,2.702625094
Misiones,PY.MI,4618.843393,2.738311101,27.48,,154.2,9.8,54.17993822,1.183088773,,,8.63,,,74.35,3.877323299,9949.259739,66.66252611,0.476379497,10.68,95.29,67.28562005,20.65747477,22.68271739,11.58438781
Ñeembucú,PY.NE,3529.739159,1.793511361,24.23,,117,11.7,55.43733901,0.60145432,,,8.32,,,74.245,3.951951159,8498.7858,59.36540404,0.345890422,9.34,95.66,67.15337423,15.88123986,23.76554334,10.13696161
Paraguarí,PY.PG,7160.846945,2.179166798,35.82,,173.4,14.6,59.67434745,0.520739003,,,7.62,,,74.165,8.354833494,7517.827731,92.25193998,0.873762722,3.95,94.74,60.85948422,11.0638565,14.04560506,13.84943739
Presidente Hayes,PY.PH,3622.92005,2.00428006,28.49,,82.5,21,37.77530986,2.055370401,,,7.44,,,72.71,2.84793136,23406.32346,126.770386,0.171747285,7.34,90.47,57.73147767,13.62791658,9.828618625,11.64567417
San Pedro,PY.SP,14767.64481,3.428809196,43.59,,56.1,13.5,33.57079294,1.294072678,,,6.98,,,74.02,1.601174171,8427.479006,104.027239,0.592493675,4.21,95.97,57.39560051,9.484568512,15.63285664,6.458085595
NUEVA SEGOVIA,NI.NS,,,73.42080153,0.65581684,18.60119048,12.6488095,2,2.156404809,3.404770779,82.7,,0.465311005,0.165692934,,21.85218513,13.92092377,135.273034,0.561112257,6.9,65.4,44.65806097,7.495423846,14.12295651,7.653222243
JINOTEGA,NI.JI,,,83.48430246,0.765893171,115.0238896,17.1651035,1.3,3.231714126,4.482253521,74.8,,0.669945355,0.244666029,,52.86897057,32.4529638,78.918702,0.248633761,2.2,47.5,47.36387572,7.123307372,8.80863246,7.595198396
MADRIZ,NI.MD,,,74.17767618,0.617377253,66.55574043,12.9783694,0.8,2.39221193,3.164795382,82.3,,0.537621359,0.006905492,,14.10728529,11.05270123,111.740978,0.684919478,7.6,60.7,48.1349424,9.016363481,14.68205134,8.894520732
ESTELI,NI.ES,,,61.79228818,0.524623826,19.76675232,11.6623839,1.5,1.125439101,1.670296588,90.5,,0.308996089,0.133606802,,37.01427306,9.796322177,77.688363,0.568240428,18.2,78.9,66.88745872,12.53171952,19.39963698,13.91422239
CHINANDEGA,NI.CI,,,68.16786981,0.568023859,10.36806636,11.715915,1.9,1.334855002,2.075065245,88.3,,0.343483557,0.163452377,,32.96196434,20.45607508,36.192987,0.292799051,9.1,71.2,68.60903961,8.404006919,14.87579064,8.753203882
LEON,NI.LE,,,60.45561726,0.511081361,24.59722051,10.5768048,4.4,1.548180191,2.239377088,87.2,,0.278709677,0.019195873,,14.19726487,19.1943659,29.511386,0.395871569,15.9,79.5,70.69226509,11.09867108,16.01518766,11.14734946
MATAGALPA,NI.MT,,,74.41395364,0.635785001,24.63357556,16.0734081,1.2,2.558036884,3.378502927,84.5,,0.491467577,0.087575077,,13.14311595,18.77069178,76.740395,0.43357741,10.6,68.5,57.00842462,5.760680333,7.765779013,5.824334259
BOACO,NI.BO,,,75.88299098,0.61099484,49.0797546,12.0245399,1.6,1.855200616,2.628463929,88.1,,0.534334764,0.174159449,,7.351203179,22.27629171,58.313397,0.294971125,9.8,72.7,47.00164362,7.839535899,12.26327401,9.015466284
MANAGUA,NI.MN,,,48.73161139,0.491633775,12.75632235,15.6902765,2.6,1.753664751,2.049969539,86.6,,0.189460477,0.379525311,,3.928845948,16.81620806,15.346203,0.428270468,29.6,85.4,72.0894031,12.44895457,13.80298047,11.10166512
MASAYA,NI.MS,,,58.15221026,0.53547892,14.01148942,12.0498809,0.2,1.963245889,2.909260403,89.4,,0.175853018,0.013550519,,29.07725335,8.362335419,16.141957,1.047840466,14.7,80.5,53.62221327,5.684189715,8.594934206,5.958788252
CHONTALES,NI.CO,,,68.88049126,0.541330812,0,16.4966356,0.5,2.0745524,2.443054685,86,,0.486206897,0.310744207,,5.875080001,29.89506156,39.99166,0.212612652,14.8,82.4,95.84779634,9.761811792,17.82815101,10.32696932
GRANADA,NI.GR,,,61.13080315,0.561241967,24.42598925,10.9916952,5.1,2.248879217,2.879041404,86,,0.288776797,0.007455625,,42.77505665,11.95386845,19.449901,0.496306556,18.3,86.2,67.93635387,10.14518783,13.83434704,7.81519254
CARAZO,NI.CA,,,55.89462996,0.507995731,24.98126405,14.9887584,3.3,1.487056897,1.973625173,88.4,,0.291566265,0.143201842,,7.302148845,13.04312608,26.511223,0.79434067,12.5,79.3,62.50452879,10.79840016,20.60083137,13.786307
RIVAS,NI.RI,,,60.51509822,0.514775343,27.04164413,12.1687399,0.7,1.368351004,1.795155822,88.6,,0.39380023,0.099163081,,10.46621656,14.96603479,15.894995,0.454246885,6.6,78.7,66.64411893,10.01868654,21.61334624,12.1012225
RIO SAN JUAN,NI.SJ,,,82.85070608,0.631926629,35.0631136,19.6353436,3.7,3.308611239,4.384169226,84,,0.601685985,0.023415278,,39.14182301,39.74497055,47.60495,0.090543926,2.9,76.1,57.65986329,9.589310277,20.59343682,5.895067793
RAAN (BILWI),NI.AN,,,92.11828263,0.781668093,94.43556589,15.254976,2,5.308120842,7.647533072,78.9,,0.565543071,0.622570982,,36.1669659,30.10452558,44.204563,0.058055977,2.2,52.8,22.73276217,6.434309091,12.52997033,6.86326303
RAAS (BLUEFIELDS),NI.AS,,,89.47985088,0.680552646,128.129312,14.3899074,2,2.564092526,4.532198948,82.1,,0.619437939,0.498966306,,28.88738633,41.20597609,60.783934,0.050990425,5.2,74.7,17.35467635,8.662508663,13.83064942,6.665727005
AHUACHAPAN,SV.AH,,,41.38,1.51,41.55700235,13.6355587,2.250165453,1.066415383,,73.48213216,5.37,0.476757632,0.838303047,72.1,5.910306324,,,3.158623884,12.36,90.03,7230.999832,5.773787007,4.607652685,4.444932074
CABANAS,SV.CA,,,44.2,1.99,25.77319588,9.128108278,1.305543899,0.887033988,,80.47676964,05.07,0.5969096,0.57698397,72.4,0.477369502,,,2.172944962,15.59,90.38,8081.289765,5.806411761,3.767990611,6.293843033
CHALATENANGO,SV.CH,,,36.79,1.45,75.07507508,9.715025907,2.14161287,0.523254037,,79.7873254,5.81,0.501037978,0.885058573,72.6,0.766420165,,,2.069718,22.25,89.5,8640.394532,12.70425593,9.503183566,7.992216276
CUSCATLAN,SV.CU,,,32.73,1.44,18.75117195,6.01750547,1.274038462,1.237147961,,78.99441843,6.12,0.429259482,0.453766023,71.6,1.624226166,,,3.022062932,14.77,91.42,7136.982671,4.950147725,2.962293127,4.619969046
LA LIBERTAD,SV.LI,,,27.05,1.32,49.2247108,13.06277743,1.544982767,1.310002988,,78.63819202,6.88,0.378520054,0.827765211,74.1,3.695850002,,,3.595384596,24.16,93.65,7273.450033,7.279232118,3.781586898,3.058832826
LA PAZ,SV.PA,,,33.24,1.48,43.96248535,9.421560035,1.522326146,1.195554544,,78.51120571,5.98,0.39164716,0.649511056,71.3,8.881610879,,,2.954966653,14.55,89.26,7046.794494,4.946503423,3.345323124,4.09639235
LA UNION,SV.UN,,,31.65,02.01,51.63511188,13.33333333,0.906344411,0.684638897,,73.19392628,4.72,0.566915423,1,71.4,5.082686125,,,2.952479271,16.18,92.03,8714.782041,5.029080369,2.687294854,4.716460829
MORAZAN,SV.MO,,,42.61,1.79,70.75471698,12.74623407,1.070820151,0.970690763,,76.30613171,4.95,0.519970863,0.853101047,72.9,0.292482309,,,3.254507262,11.69,90.48,7551.484626,4.620415127,2.640237215,3.967397036
SAN MIGUEL,SV.SM,,,31.3,1.57,31.61222339,14.28571429,1.196256955,0.90388652,,77.60661586,06.09,0.443507801,0.810629268,72.4,6.188117452,,,3.309331315,21.63,89.98,8000.15272,16.24197446,13.51778052,10.64403566
SAN SALVADOR,SV.SS,,,19.92,1.17,44.1129291,12.23799865,2.188368575,0.624673766,,86.01808966,8.17,0.267621998,0.902544555,74.4,0.587551681,,,6.675528743,39.76,93.32,7802.569898,21.04883672,13.47353722,11.00752275
SAN VICENTE,SV.SV,,,35.65,1.44,59.50609938,11.67031364,2.62199563,0.941121794,,84.81039695,6.14,0.406178074,0.702956019,72.2,1.833136141,,,3.511154898,18.75,89.69,7591.055101,16.36945639,11.9407336,7.712153577
SANTA ANA,SV.SA,,,32.23,1.33,60.26516673,15.42344363,1.368188321,0.627192803,,76.5433235,5.99,0.414008906,0.707793422,70.5,3.388423715,,,2.792755629,21.11,91.59,7832.663406,12.80292004,7.043340834,10.24847823
SONSONATE,SV.SO,,,32.32,1.4,84.60236887,12.13765529,2.080190552,0.91814427,,76.4579155,06.05,0.375384994,0.762368679,70.3,4.282302034,,,3.26946638,20.86,90.6,7188.243106,7.10742157,5.27979888,5.049478858
USULUTAN,SV.US,,,38.21,1.59,95.71995077,10.99881094,1.084394154,0.768466174,,82.58415579,5.91,0.44798804,0.835046048,72.6,13.48923074,,,3.298714316,19.74,91.43,7920.50843,7.683526519,4.69243941,6.526332392
ATLANTIDA,HN.AT,,2.220302347,47.88,0.69,187.4279123,21,0.3,2.23174629,4.617816358,94.1,6.5,0.676371283,0.676371283,74.8,42.96350883,23.70823353,22.48574934,15.47150228,18.73,70.45,55.94682711,3.23885845,9.520280897,5.079118932
COLON,HN.CL,,1.746745409,54.35,0.77,249.0477586,16.48,1.3,2.135385422,7.805198183,90.7,6,0.747855557,0.747855557,75.4,42.29398263,50.12381305,36.63587662,7.651474703,12.81,65.82,60.54846143,2.044014444,9.027730463,4.326497241
COMAYAGUA,HN.CM,,2.558050801,56.17,0.75,201.1870033,18.27,1.5,3.319934104,7.404236583,90.2,6,0.745015079,0.745015079,76.5,18.17731911,29.50432077,27.42258514,15.94842185,19.24,64.11,63.10311717,2.125489824,7.755776697,3.165623142
COPAN,HN.CP,,2.073515269,58.61,0.75,209.2050209,23.95,1.2,2.374789045,7.616048541,85.2,5.4,0.765137789,0.765137789,73.6,4.572179973,29.17512322,20.05032009,22.2612129,11.16,56.93,72.18193721,3.395670107,10.29743862,18.16545472
CORTES,HN.CR,,3.114976931,43.13,0.61,238.8087657,13.71,1.1,2.493977874,4.968907642,93.6,6.9,0.560455677,0.560455677,75.9,25.28039174,22.09356869,22.09403285,26.64011768,22.6,73.78,53.52551502,2.305305195,5.540374364,4.750711811
CHOLUTECA,HN.CH,,1.513944406,61.87,0.69,95.12485137,18.69,2.3,0.998217355,4.577140153,93.2,6.1,0.767554952,0.767554952,75.3,11.38479286,26.7546778,23.11184792,23.09400616,12.32,54.22,73.58810175,2.526550562,9.060733048,4.181876791
EL PARAISO,HN.EP,,1.902024262,61.43,0.69,146.1530431,21.27,1.3,2.248534036,5.859857152,88.5,5.9,0.797400726,0.797400726,74.4,6.193132722,37.12090702,72.74808025,20.442857,10.71,55.21,72.8244425,1.357576212,5.453711332,2.925810801
FRANCISCO MORAZAN,HN.FM,,2.320513368,46.98,0.57,206.9385271,16.11,1.5,2.316681291,3.222039015,95.9,7.9,0.521485923,0.521485923,77.1,6.837720033,33.09951718,38.24038787,18.19806132,40.58,74.45,67.05390186,6.221186908,14.96711559,13.00730222
GRACIAS A DIOS,HN.GD,,2.269541716,89.41,0.79,186.9158879,15.12,0.9,2.895222407,16.6157016,85.3,5.9,0.483545211,0.483545211,74.5,60.19771419,74.78608681,25.51193865,2.072560138,2.91,36.92,45.57442835,7.699798446,14.60697058,3.510202233
INTIBUCA,HN.IN,,1.593004491,61.82,0.8,260.960334,19.71,0.7,2.441269788,7.081517162,92.7,5.5,0.784250016,0.784250016,74.7,14.07695604,24.58829581,43.27644661,24.4274338,7.56,50.35,75.11359269,2.021427128,7.784644895,3.010636147
ISLAS DE LA BAHIA,HN.IB,,2.908459695,39.95,0.64,148.6988848,12.57,3.7,5.359003318,10.59733383,97,7,0.522195863,0.522195863,77.6,24.78912738,29.13730748,10.29394169,42.6405884,22.9,79.13,55.2319824,6.306196346,16.47748078,6.713047724
LA PAZ,HN.LP,,1.79156922,63.09,0.76,181.8181818,23.8,0.4,2.255045989,6.383751566,93.7,5.9,0.773967263,0.773967263,74.6,27.91354551,30.38728027,44.39968578,19.28319876,10.87,54.12,74.69849058,2.292152688,9.219547478,3.005266858
LEMPIRA,HN.LE,,1.70037304,73.56,0.83,85.80534445,18.96,2.4,2.369764903,10.47557441,88.9,5,0.882383897,0.882383897,73.7,12.82152063,25.86608445,31.58188693,15.3058638,3.22,46.13,78.87219311,1.774594774,7.066689905,4.056216627
OCOTEPEQUE,HN.OC,,1.278174698,53.82,0.7,67.47638327,18.62,2.7,2.962244706,11.12954697,88.5,5.6,0.807270438,0.807270438,75.3,23.48622489,19.96174397,16.67747086,25.33080549,10.21,63.9,76.97349762,3.397431542,13.21223377,5.284893509
OLANCHO,HN.OL,,2.081570477,63.2,0.77,188.081568,17.58,0.7,2.010037476,6.737621834,87.1,5.9,0.797582397,0.797582397,76.1,34.35693091,50.1509863,52.1927678,7.812222721,13.57,59.01,69.05404708,1.766215824,7.005989434,3.179188483
SANTA BARBARA,HN.SB,,2.446448939,54.95,0.73,140.0560224,18.54,1.2,1.931541998,5.734445656,89.7,5.7,0.814756362,0.814756362,76.3,6.412943601,30.5115268,47.40149333,25.37646372,7.51,54.03,78.88353334,1.366911302,4.896027756,2.162205151
VALLE,HN.VA,,2.34961788,67.19,0.72,123.8006809,13.41,1.6,1.244174279,4.257659159,92.6,6.2,0.763481611,0.763481611,76.2,17.0278865,25.19901771,22.99219698,35.64701145,12.43,58.13,79.74382515,3.437967986,12.41164714,4.894734082
YORO,HN.YO,,2.559281917,54.74,0.74,123.466952,16.44,1.9,1.883287424,4.51592632,91.4,6.1,0.743586934,0.743586934,75.5,14.22833464,22.91673982,36.31514905,10.52946026,14.67,61.2,59.27042091,2.191631951,6.882811085,4.528165187